Workbook

Sheet Sheet1
A1: codigo | B1: glosa | C1: anio | D1: pais | E1: valor | F1: variable | G1: deflactor | H1: unidad | I1: valor_dfl
A2: C | B2: Industrias manufactureras | C2: 2023 | D2: Brasil | E2: 768089.77 | F2: consumo_intermedio | H2: =VLOOKUP(F2,Hoja1!$A$2:$B$8,2,0) -> Millones de dólares | I2: =IFERROR(IF(H2="Millones de dólares",E2/G2*100,E2),"")
A3: C10 | B3: Elaboración de productos alimenticios | C3: 2023 | D3: Brasil | E3: 201405.06 | F3: consumo_intermedio | H3: =VLOOKUP(F3,Hoja1!$A$2:$B$8,2,0) -> Millones de dólares | I3: =IFERROR(IF(H3="Millones de dólares",E3/G3*100,E3),"")
A4: C11 | B4: Elaboración de bebidas | C4: 2023 | D4: Brasil | E4: 20950.57 | F4: consumo_intermedio | H4: =VLOOKUP(F4,Hoja1!$A$2:$B$8,2,0) -> Millones de dólares | I4: =IFERROR(IF(H4="Millones de dólares",E4/G4*100,E4),"")
A5: C12 | B5: Elaboración de productos de tabaco | C5: 2023 | D5: Brasil | E5: 3703.11 | F5: consumo_intermedio | H5: =VLOOKUP(F5,Hoja1!$A$2:$B$8,2,0) -> Millones de dólares | I5: =IFERROR(IF(H5="Millones de dólares",E5/G5*100,E5),"")
A6: C13 | B6: Fabricación de productos textiles | C6: 2023 | D6: Brasil | E6: 9516.41 | F6: consumo_intermedio | H6: =VLOOKUP(F6,Hoja1!$A$2:$B$8,2,0) -> Millones de dólares | I6: =IFERROR(IF(H6="Millones de dólares",E6/G6*100,E6),"")
A7: C14 | B7: Fabricación de prendas de vestir | C7: 2023 | D7: Brasil | E7: 6931.3 | F7: consumo_intermedio | H7: =VLOOKUP(F7,Hoja1!$A$2:$B$8,2,0) -> Millones de dólares | I7: =IFERROR(IF(H7="Millones de dólares",E7/G7*100,E7),"")
A8: C15 | B8: Fabricación de productos de cuero y productos conexos | C8: 2023 | D8: Brasil | E8: 6326.71 | F8: consumo_intermedio | H8: =VLOOKUP(F8,Hoja1!$A$2:$B$8,2,0) -> Millones de dólares | I8: =IFERROR(IF(H8="Millones de dólares",E8/G8*100,E8),"")
A9: C16 | B9: Producción de madera y fabricación de productos de madera y corcho, excepto muebles; fabricación de artículos de paja y de materiales trenzables | C9: 2023 | D9: Brasil | E9: 5867.78 | F9: consumo_intermedio | H9: =VLOOKUP(F9,Hoja1!$A$2:$B$8,2,0) -> Millones de dólares | I9: =IFERROR(IF(H9="Millones de dólares",E9/G9*100,E9),"")
A10: C17 | B10: Fabricación de papel y de productos de papel | C10: 2023 | D10: Brasil | E10: 23968.51 | F10: consumo_intermedio | H10: =VLOOKUP(F10,Hoja1!$A$2:$B$8,2,0) -> Millones de dólares | I10: =IFERROR(IF(H10="Millones de dólares",E10/G10*100,E10),"")
A11: C18 | B11: Impresión y reproducción de grabaciones | C11: 2023 | D11: Brasil | E11: 1921.59 | F11: consumo_intermedio | H11: =VLOOKUP(F11,Hoja1!$A$2:$B$8,2,0) -> Millones de dólares | I11: =IFERROR(IF(H11="Millones de dólares",E11/G11*100,E11),"")
A12: C19 | B12: Fabricación de coque y productos de la refinación del petróleo | C12: 2023 | D12: Brasil | E12: 62334.14 | F12: consumo_intermedio | H12: =VLOOKUP(F12,Hoja1!$A$2:$B$8,2,0) -> Millones de dólares | I12: =IFERROR(IF(H12="Millones de dólares",E12/G12*100,E12),"")
A13: C20 | B13: Fabricación de sustancias y productos químicos | C13: 2023 | D13: Brasil | E13: 99799.39 | F13: consumo_intermedio | H13: =VLOOKUP(F13,Hoja1!$A$2:$B$8,2,0) -> Millones de dólares | I13: =IFERROR(IF(H13="Millones de dólares",E13/G13*100,E13),"")
... A26: C33 | B26: Reparación e instalación de maquinaria y equipo | C26: 2023 | D26: Brasil | E26: 5540.42 | F26: consumo_intermedio | H26: =VLOOKUP(F26,Hoja1!$A$2:$B$8,2,0) -> Millones de dólares | I26: =IFERROR(IF(H26="Millones de dólares",E26/G26*100,E26),"")
A27: C | B27: Industrias manufactureras | C27: 2023 | D27: Chile | E27: 60219.28 | F27: consumo_intermedio | G27: 142.91079 | H27: =VLOOKUP(F27,Hoja1!$A$2:$B$8,2,0) -> Millones de dólares | I27: =IFERROR(IF(H27="Millones de dólares",E27/G27*100,E27),"") -> 42137.671
A28: C10 | B28: Elaboración de productos alimenticios | C28: 2023 | D28: Chile | E28: 24144.65 | F28: consumo_intermedio | G28: 150.0858 | H28: =VLOOKUP(F28,Hoja1!$A$2:$B$8,2,0) -> Millones de dólares | I28: =IFERROR(IF(H28="Millones de dólares",E28/G28*100,E28),"") -> 16087.232
A29: C11 | B29: Elaboración de bebidas | C29: 2023 | D29: Chile | E29: 4015.59 | F29: consumo_intermedio | G29: 129.04104 | H29: =VLOOKUP(F29,Hoja1!$A$2:$B$8,2,0) -> Millones de dólares | I29: =IFERROR(IF(H29="Millones de dólares",E29/G29*100,E29),"") -> 3111.8703
A30: C13 | B30: Fabricación de productos textiles | C30: 2023 | D30: Chile | E30: 158.09 | F30: consumo_intermedio | G30: 69.851283 | H30: =VLOOKUP(F30,Hoja1!$A$2:$B$8,2,0) -> Millones de dólares | I30: =IFERROR(IF(H30="Millones de dólares",E30/G30*100,E30),"") -> 226.32369
A31: C14 | B31: Fabricación de prendas de vestir | C31: 2023 | D31: Chile | E31: 64.4 | F31: consumo_intermedio | G31: 69.851283 | H31: =VLOOKUP(F31,Hoja1!$A$2:$B$8,2,0) -> Millones de dólares | I31: =IFERROR(IF(H31="Millones de dólares",E31/G31*100,E31),"") -> 92.195872
A32: C15 | B32: Fabricación de productos de cuero y productos conexos | C32: 2023 | D32: Chile | E32: 25.5 | F32: consumo_intermedio | G32: 69.851283 | H32: =VLOOKUP(F32,Hoja1!$A$2:$B$8,2,0) -> Millones de dólares | I32: =IFERROR(IF(H32="Millones de dólares",E32/G32*100,E32),"") -> 36.50613
A33: C16 | B33: Producción de madera y fabricación de productos de madera y corcho, excepto muebles; fabricación de artículos de paja y de materiales trenzables | C33: 2023 | D33: Chile | E33: 2068.8 | F33: consumo_intermedio | G33: 130.15282 | H33: =VLOOKUP(F33,Hoja1!$A$2:$B$8,2,0) -> Millones de dólares | I33: =IFERROR(IF(H33="Millones de dólares",E33/G33*100,E33),"") -> 1589.5161
A34: C17 | B34: Fabricación de papel y de productos de papel | C34: 2023 | D34: Chile | E34: 2804.53 | F34: consumo_intermedio | G34: 89.311059 | H34: =VLOOKUP(F34,Hoja1!$A$2:$B$8,2,0) -> Millones de dólares | I34: =IFERROR(IF(H34="Millones de dólares",E34/G34*100,E34),"") -> 3140.1822
A35: C18 | B35: Impresión y reproducción de grabaciones | C35: 2023 | D35: Chile | E35: 197.76 | F35: consumo_intermedio | G35: 89.311059 | H35: =VLOOKUP(F35,Hoja1!$A$2:$B$8,2,0) -> Millones de dólares | I35: =IFERROR(IF(H35="Millones de dólares",E35/G35*100,E35),"") -> 221.42835
A36: C20 | B36: Fabricación de sustancias y productos químicos | C36: 2023 | D36: Chile | E36: 12427.37 | F36: consumo_intermedio | G36: 179.38969 | H36: =VLOOKUP(F36,Hoja1!$A$2:$B$8,2,0) -> Millones de dólares | I36: =IFERROR(IF(H36="Millones de dólares",E36/G36*100,E36),"") -> 6927.5831
A37: C21 | B37: Fabricación de productos farmacéuticos, sustancias químicas medicinales y productos botánicos de uso farmacéutico | C37: 2023 | D37: Chile | E37: 744.69 | F37: consumo_intermedio | G37: 179.38969 | H37: =VLOOKUP(F37,Hoja1!$A$2:$B$8,2,0) -> Millones de dólares | I37: =IFERROR(IF(H37="Millones de dólares",E37/G37*100,E37),"") -> 415.12419
A38: C22 | B38: Fabricación de productos de caucho y de plástico | C38: 2023 | D38: Chile | E38: 2004.2 | F38: consumo_intermedio | G38: 179.38969 | H38: =VLOOKUP(F38,Hoja1!$A$2:$B$8,2,0) -> Millones de dólares | I38: =IFERROR(IF(H38="Millones de dólares",E38/G38*100,E38),"") -> 1117.2325
... A98: CXX | B98: Otras empresas/establecimientos anonimizados | C98: 2023 | D98: Chile | E98: 29385976 | F98: horas_trabajadas | G98: 142.91079 | H98: =VLOOKUP(F98,Hoja1!$A$2:$B$8,2,0) -> Unidades | I98: =IFERROR(IF(H98="Millones de dólares",E98/G98*100,E98),"") -> 29385976
A99: C | B99: Industrias manufactureras | C99: 2023 | D99: Brasil | E99: 6322197 | F99: nivel_ocupados | H99: =VLOOKUP(F99,Hoja1!$A$2:$B$8,2,0) -> Unidades | I99: =IFERROR(IF(H99="Millones de dólares",E99/G99*100,E99),"") -> 6322197
A100: C10 | B100: Elaboración de productos alimenticios | C100: 2023 | D100: Brasil | E100: 1715308 | F100: nivel_ocupados | H100: =VLOOKUP(F100,Hoja1!$A$2:$B$8,2,0) -> Unidades | I100: =IFERROR(IF(H100="Millones de dólares",E100/G100*100,E100),"") -> 1715308
A101: C11 | B101: Elaboración de bebidas | C101: 2023 | D101: Brasil | E101: 170841 | F101: nivel_ocupados | H101: =VLOOKUP(F101,Hoja1!$A$2:$B$8,2,0) -> Unidades | I101: =IFERROR(IF(H101="Millones de dólares",E101/G101*100,E101),"") -> 170841
A102: C12 | B102: Elaboración de productos de tabaco | C102: 2023 | D102: Brasil | E102: 16162 | F102: nivel_ocupados | H102: =VLOOKUP(F102,Hoja1!$A$2:$B$8,2,0) -> Unidades | I102: =IFERROR(IF(H102="Millones de dólares",E102/G102*100,E102),"") -> 16162
A103: C13 | B103: Fabricación de productos textiles | C103: 2023 | D103: Brasil | E103: 203240 | F103: nivel_ocupados | H103: =VLOOKUP(F103,Hoja1!$A$2:$B$8,2,0) -> Unidades | I103: =IFERROR(IF(H103="Millones de dólares",E103/G103*100,E103),"") -> 203240
A104: C14 | B104: Fabricación de prendas de vestir | C104: 2023 | D104: Brasil | E104: 316253 | F104: nivel_ocupados | H104: =VLOOKUP(F104,Hoja1!$A$2:$B$8,2,0) -> Unidades | I104: =IFERROR(IF(H104="Millones de dólares",E104/G104*100,E104),"") -> 316253
A105: C15 | B105: Fabricación de productos de cuero y productos conexos | C105: 2023 | D105: Brasil | E105: 277687 | F105: nivel_ocupados | H105: =VLOOKUP(F105,Hoja1!$A$2:$B$8,2,0) -> Unidades | I105: =IFERROR(IF(H105="Millones de dólares",E105/G105*100,E105),"") -> 277687
A106: C16 | B106: Producción de madera y fabricación de productos de madera y corcho, excepto muebles; fabricación de artículos de paja y de materiales trenzables | C106: 2023 | D106: Brasil | E106: 107480 | F106: nivel_ocupados | H106: =VLOOKUP(F106,Hoja1!$A$2:$B$8,2,0) -> Unidades | I106: =IFERROR(IF(H106="Millones de dólares",E106/G106*100,E106),"") -> 107480
A107: C17 | B107: Fabricación de papel y de productos de papel | C107: 2023 | D107: Brasil | E107: 189920 | F107: nivel_ocupados | H107: =VLOOKUP(F107,Hoja1!$A$2:$B$8,2,0) -> Unidades | I107: =IFERROR(IF(H107="Millones de dólares",E107/G107*100,E107),"") -> 189920
A108: C18 | B108: Impresión y reproducción de grabaciones | C108: 2023 | D108: Brasil | E108: 39647 | F108: nivel_ocupados | H108: =VLOOKUP(F108,Hoja1!$A$2:$B$8,2,0) -> Unidades | I108: =IFERROR(IF(H108="Millones de dólares",E108/G108*100,E108),"") -> 39647
A109: C19 | B109: Fabricación de coque y productos de la refinación del petróleo | C109: 2023 | D109: Brasil | E109: 73427 | F109: nivel_ocupados | H109: =VLOOKUP(F109,Hoja1!$A$2:$B$8,2,0) -> Unidades | I109: =IFERROR(IF(H109="Millones de dólares",E109/G109*100,E109),"") -> 73427
A110: C20 | B110: Fabricación de sustancias y productos químicos | C110: 2023 | D110: Brasil | E110: 400861 | F110: nivel_ocupados | H110: =VLOOKUP(F110,Hoja1!$A$2:$B$8,2,0) -> Unidades | I110: =IFERROR(IF(H110="Millones de dólares",E110/G110*100,E110),"") -> 400861
... A123: C33 | B123: Reparación e instalación de maquinaria y equipo | C123: 2023 | D123: Brasil | E123: 165358 | F123: nivel_ocupados | H123: =VLOOKUP(F123,Hoja1!$A$2:$B$8,2,0) -> Unidades | I123: =IFERROR(IF(H123="Millones de dólares",E123/G123*100,E123),"") -> 165358
A124: C | B124: Industrias manufactureras | C124: 2023 | D124: Chile | E124: 383847 | F124: nivel_ocupados | G124: 142.91079 | H124: =VLOOKUP(F124,Hoja1!$A$2:$B$8,2,0) -> Unidades | I124: =IFERROR(IF(H124="Millones de dólares",E124/G124*100,E124),"") -> 383847
A125: C10 | B125: Elaboración de productos alimenticios | C125: 2023 | D125: Chile | E125: 152098 | F125: nivel_ocupados | G125: 150.0858 | H125: =VLOOKUP(F125,Hoja1!$A$2:$B$8,2,0) -> Unidades | I125: =IFERROR(IF(H125="Millones de dólares",E125/G125*100,E125),"") -> 152098
A126: C11 | B126: Elaboración de bebidas | C126: 2023 | D126: Chile | E126: 18785 | F126: nivel_ocupados | G126: 129.04104 | H126: =VLOOKUP(F126,Hoja1!$A$2:$B$8,2,0) -> Unidades | I126: =IFERROR(IF(H126="Millones de dólares",E126/G126*100,E126),"") -> 18785
A127: C13 | B127: Fabricación de productos textiles | C127: 2023 | D127: Chile | E127: 2727 | F127: nivel_ocupados | G127: 69.851283 | H127: =VLOOKUP(F127,Hoja1!$A$2:$B$8,2,0) -> Unidades | I127: =IFERROR(IF(H127="Millones de dólares",E127/G127*100,E127),"") -> 2727
A128: C14 | B128: Fabricación de prendas de vestir | C128: 2023 | D128: Chile | E128: 2384 | F128: nivel_ocupados | G128: 69.851283 | H128: =VLOOKUP(F128,Hoja1!$A$2:$B$8,2,0) -> Unidades | I128: =IFERROR(IF(H128="Millones de dólares",E128/G128*100,E128),"") -> 2384
A129: C15 | B129: Fabricación de productos de cuero y productos conexos | C129: 2023 | D129: Chile | E129: 999 | F129: nivel_ocupados | G129: 69.851283 | H129: =VLOOKUP(F129,Hoja1!$A$2:$B$8,2,0) -> Unidades | I129: =IFERROR(IF(H129="Millones de dólares",E129/G129*100,E129),"") -> 999
A130: C16 | B130: Producción de madera y fabricación de productos de madera y corcho, excepto muebles; fabricación de artículos de paja y de materiales trenzables | C130: 2023 | D130: Chile | E130: 21456 | F130: nivel_ocupados | G130: 130.15282 | H130: =VLOOKUP(F130,Hoja1!$A$2:$B$8,2,0) -> Unidades | I130: =IFERROR(IF(H130="Millones de dólares",E130/G130*100,E130),"") -> 21456
A131: C17 | B131: Fabricación de papel y de productos de papel | C131: 2023 | D131: Chile | E131: 15292 | F131: nivel_ocupados | G131: 89.311059 | H131: =VLOOKUP(F131,Hoja1!$A$2:$B$8,2,0) -> Unidades | I131: =IFERROR(IF(H131="Millones de dólares",E131/G131*100,E131),"") -> 15292
A132: C18 | B132: Impresión y reproducción de grabaciones | C132: 2023 | D132: Chile | E132: 3244 | F132: nivel_ocupados | G132: 89.311059 | H132: =VLOOKUP(F132,Hoja1!$A$2:$B$8,2,0) -> Unidades | I132: =IFERROR(IF(H132="Millones de dólares",E132/G132*100,E132),"") -> 3244
A133: C20 | B133: Fabricación de sustancias y productos químicos | C133: 2023 | D133: Chile | E133: 29897 | F133: nivel_ocupados | G133: 179.38969 | H133: =VLOOKUP(F133,Hoja1!$A$2:$B$8,2,0) -> Unidades | I133: =IFERROR(IF(H133="Millones de dólares",E133/G133*100,E133),"") -> 29897
A134: C21 | B134: Fabricación de productos farmacéuticos, sustancias químicas medicinales y productos botánicos de uso farmacéutico | C134: 2023 | D134: Chile | E134: 10785 | F134: nivel_ocupados | G134: 179.38969 | H134: =VLOOKUP(F134,Hoja1!$A$2:$B$8,2,0) -> Unidades | I134: =IFERROR(IF(H134="Millones de dólares",E134/G134*100,E134),"") -> 10785
A135: C22 | B135: Fabricación de productos de caucho y de plástico | C135: 2023 | D135: Chile | E135: 21284 | F135: nivel_ocupados | G135: 179.38969 | H135: =VLOOKUP(F135,Hoja1!$A$2:$B$8,2,0) -> Unidades | I135: =IFERROR(IF(H135="Millones de dólares",E135/G135*100,E135),"") -> 21284
... A171: C33 | B171: Reparación e instalación de maquinaria y equipo | C171: 2023 | D171: Ecuador | E171: 4470 | F171: nivel_ocupados | G171: 113.1 | H171: =VLOOKUP(F171,Hoja1!$A$2:$B$8,2,0) -> Unidades | I171: =IFERROR(IF(H171="Millones de dólares",E171/G171*100,E171),"") -> 4470
A172: C | B172: Industrias manufactureras | C172: 2023 | D172: Brasil | E172: 114356.84 | F172: remuneracion | H172: =VLOOKUP(F172,Hoja1!$A$2:$B$8,2,0) -> Millones de dólares | I172: =IFERROR(IF(H172="Millones de dólares",E172/G172*100,E172),"")
A173: C10 | B173: Elaboración de productos alimenticios | C173: 2023 | D173: Brasil | E173: 23294.44 | F173: remuneracion | H173: =VLOOKUP(F173,Hoja1!$A$2:$B$8,2,0) -> Millones de dólares | I173: =IFERROR(IF(H173="Millones de dólares",E173/G173*100,E173),"")
A174: C11 | B174: Elaboración de bebidas | C174: 2023 | D174: Brasil | E174: 3163.83 | F174: remuneracion | H174: =VLOOKUP(F174,Hoja1!$A$2:$B$8,2,0) -> Millones de dólares | I174: =IFERROR(IF(H174="Millones de dólares",E174/G174*100,E174),"")
A175: C12 | B175: Elaboración de productos de tabaco | C175: 2023 | D175: Brasil | E175: 468.51 | F175: remuneracion | H175: =VLOOKUP(F175,Hoja1!$A$2:$B$8,2,0) -> Millones de dólares | I175: =IFERROR(IF(H175="Millones de dólares",E175/G175*100,E175),"")
A176: C13 | B176: Fabricación de productos textiles | C176: 2023 | D176: Brasil | E176: 2398.25 | F176: remuneracion | H176: =VLOOKUP(F176,Hoja1!$A$2:$B$8,2,0) -> Millones de dólares | I176: =IFERROR(IF(H176="Millones de dólares",E176/G176*100,E176),"")
A177: C14 | B177: Fabricación de prendas de vestir | C177: 2023 | D177: Brasil | E177: 2573.77 | F177: remuneracion | H177: =VLOOKUP(F177,Hoja1!$A$2:$B$8,2,0) -> Millones de dólares | I177: =IFERROR(IF(H177="Millones de dólares",E177/G177*100,E177),"")
A178: C15 | B178: Fabricación de productos de cuero y productos conexos | C178: 2023 | D178: Brasil | E178: 2184.8 | F178: remuneracion | H178: =VLOOKUP(F178,Hoja1!$A$2:$B$8,2,0) -> Millones de dólares | I178: =IFERROR(IF(H178="Millones de dólares",E178/G178*100,E178),"")
A179: C16 | B179: Producción de madera y fabricación de productos de madera y corcho, excepto muebles; fabricación de artículos de paja y de materiales trenzables | C179: 2023 | D179: Brasil | E179: 1281.46 | F179: remuneracion | H179: =VLOOKUP(F179,Hoja1!$A$2:$B$8,2,0) -> Millones de dólares | I179: =IFERROR(IF(H179="Millones de dólares",E179/G179*100,E179),"")
A180: C17 | B180: Fabricación de papel y de productos de papel | C180: 2023 | D180: Brasil | E180: 4167.44 | F180: remuneracion | H180: =VLOOKUP(F180,Hoja1!$A$2:$B$8,2,0) -> Millones de dólares | I180: =IFERROR(IF(H180="Millones de dólares",E180/G180*100,E180),"")
A181: C18 | B181: Impresión y reproducción de grabaciones | C181: 2023 | D181: Brasil | E181: 685.07 | F181: remuneracion | H181: =VLOOKUP(F181,Hoja1!$A$2:$B$8,2,0) -> Millones de dólares | I181: =IFERROR(IF(H181="Millones de dólares",E181/G181*100,E181),"")
A182: C19 | B182: Fabricación de coque y productos de la refinación del petróleo | C182: 2023 | D182: Brasil | E182: 7169.91 | F182: remuneracion | H182: =VLOOKUP(F182,Hoja1!$A$2:$B$8,2,0) -> Millones de dólares | I182: =IFERROR(IF(H182="Millones de dólares",E182/G182*100,E182),"")
A183: C20 | B183: Fabricación de sustancias y productos químicos | C183: 2023 | D183: Brasil | E183: 10091.47 | F183: remuneracion | H183: =VLOOKUP(F183,Hoja1!$A$2:$B$8,2,0) -> Millones de dólares | I183: =IFERROR(IF(H183="Millones de dólares",E183/G183*100,E183),"")
... A196: C33 | B196: Reparación e instalación de maquinaria y equipo | C196: 2023 | D196: Brasil | E196: 2643.47 | F196: remuneracion | H196: =VLOOKUP(F196,Hoja1!$A$2:$B$8,2,0) -> Millones de dólares | I196: =IFERROR(IF(H196="Millones de dólares",E196/G196*100,E196),"")
A197: C | B197: Industrias manufactureras | C197: 2023 | D197: Chile | E197: 7341.21 | F197: remuneracion | G197: 142.91079 | H197: =VLOOKUP(F197,Hoja1!$A$2:$B$8,2,0) -> Millones de dólares | I197: =IFERROR(IF(H197="Millones de dólares",E197/G197*100,E197),"") -> 5136.9178
A198: C10 | B198: Elaboración de productos alimenticios | C198: 2023 | D198: Chile | E198: 2463.28 | F198: remuneracion | G198: 150.0858 | H198: =VLOOKUP(F198,Hoja1!$A$2:$B$8,2,0) -> Millones de dólares | I198: =IFERROR(IF(H198="Millones de dólares",E198/G198*100,E198),"") -> 1641.2479
A199: C11 | B199: Elaboración de bebidas | C199: 2023 | D199: Chile | E199: 356.26 | F199: remuneracion | G199: 129.04104 | H199: =VLOOKUP(F199,Hoja1!$A$2:$B$8,2,0) -> Millones de dólares | I199: =IFERROR(IF(H199="Millones de dólares",E199/G199*100,E199),"") -> 276.0827
A200: C13 | B200: Fabricación de productos textiles | C200: 2023 | D200: Chile | E200: 43 | F200: remuneracion | G200: 69.851283 | H200: =VLOOKUP(F200,Hoja1!$A$2:$B$8,2,0) -> Millones de dólares | I200: =IFERROR(IF(H200="Millones de dólares",E200/G200*100,E200),"") -> 61.559356
A201: C14 | B201: Fabricación de prendas de vestir | C201: 2023 | D201: Chile | E201: 29.11 | F201: remuneracion | G201: 69.851283 | H201: =VLOOKUP(F201,Hoja1!$A$2:$B$8,2,0) -> Millones de dólares | I201: =IFERROR(IF(H201="Millones de dólares",E201/G201*100,E201),"") -> 41.674252
A202: C15 | B202: Fabricación de productos de cuero y productos conexos | C202: 2023 | D202: Chile | E202: 16.15 | F202: remuneracion | G202: 69.851283 | H202: =VLOOKUP(F202,Hoja1!$A$2:$B$8,2,0) -> Millones de dólares | I202: =IFERROR(IF(H202="Millones de dólares",E202/G202*100,E202),"") -> 23.120549
A203: C16 | B203: Producción de madera y fabricación de productos de madera y corcho, excepto muebles; fabricación de artículos de paja y de materiales trenzables | C203: 2023 | D203: Chile | E203: 344.3 | F203: remuneracion | G203: 130.15282 | H203: =VLOOKUP(F203,Hoja1!$A$2:$B$8,2,0) -> Millones de dólares | I203: =IFERROR(IF(H203="Millones de dólares",E203/G203*100,E203),"") -> 264.53519
A204: C17 | B204: Fabricación de papel y de productos de papel | C204: 2023 | D204: Chile | E204: 335.81 | F204: remuneracion | G204: 89.311059 | H204: =VLOOKUP(F204,Hoja1!$A$2:$B$8,2,0) -> Millones de dólares | I204: =IFERROR(IF(H204="Millones de dólares",E204/G204*100,E204),"") -> 376.00047
A205: C18 | B205: Impresión y reproducción de grabaciones | C205: 2023 | D205: Chile | E205: 84.66 | F205: remuneracion | G205: 89.311059 | H205: =VLOOKUP(F205,Hoja1!$A$2:$B$8,2,0) -> Millones de dólares | I205: =IFERROR(IF(H205="Millones de dólares",E205/G205*100,E205),"") -> 94.792292
A206: C20 | B206: Fabricación de sustancias y productos químicos | C206: 2023 | D206: Chile | E206: 832.69 | F206: remuneracion | G206: 179.38969 | H206: =VLOOKUP(F206,Hoja1!$A$2:$B$8,2,0) -> Millones de dólares | I206: =IFERROR(IF(H206="Millones de dólares",E206/G206*100,E206),"") -> 464.1794
A207: C21 | B207: Fabricación de productos farmacéuticos, sustancias químicas medicinales y productos botánicos de uso farmacéutico | C207: 2023 | D207: Chile | E207: 253.58 | F207: remuneracion | G207: 179.38969 | H207: =VLOOKUP(F207,Hoja1!$A$2:$B$8,2,0) -> Millones de dólares | I207: =IFERROR(IF(H207="Millones de dólares",E207/G207*100,E207),"") -> 141.35706
A208: C22 | B208: Fabricación de productos de caucho y de plástico | C208: 2023 | D208: Chile | E208: 382.22 | F208: remuneracion | G208: 179.38969 | H208: =VLOOKUP(F208,Hoja1!$A$2:$B$8,2,0) -> Millones de dólares | I208: =IFERROR(IF(H208="Millones de dólares",E208/G208*100,E208),"") -> 213.06687
... A244: C33 | B244: Reparación e instalación de maquinaria y equipo | C244: 2023 | D244: Ecuador | E244: 90.33 | F244: remuneracion | G244: 113.1 | H244: =VLOOKUP(F244,Hoja1!$A$2:$B$8,2,0) -> Millones de dólares | I244: =IFERROR(IF(H244="Millones de dólares",E244/G244*100,E244),"") -> 79.867374
A245: C | B245: Industrias manufactureras | C245: 2023 | D245: Brasil | E245: 228089.19 | F245: valor_agregado | H245: =VLOOKUP(F245,Hoja1!$A$2:$B$8,2,0) -> Millones de dólares | I245: =IFERROR(IF(H245="Millones de dólares",E245/G245*100,E245),"")
A246: C10 | B246: Elaboración de productos alimenticios | C246: 2023 | D246: Brasil | E246: 50582.77 | F246: valor_agregado | H246: =VLOOKUP(F246,Hoja1!$A$2:$B$8,2,0) -> Millones de dólares | I246: =IFERROR(IF(H246="Millones de dólares",E246/G246*100,E246),"")
A247: C11 | B247: Elaboración de bebidas | C247: 2023 | D247: Brasil | E247: 9662.86 | F247: valor_agregado | H247: =VLOOKUP(F247,Hoja1!$A$2:$B$8,2,0) -> Millones de dólares | I247: =IFERROR(IF(H247="Millones de dólares",E247/G247*100,E247),"")
A248: C12 | B248: Elaboración de productos de tabaco | C248: 2023 | D248: Brasil | E248: 1196.9 | F248: valor_agregado | H248: =VLOOKUP(F248,Hoja1!$A$2:$B$8,2,0) -> Millones de dólares | I248: =IFERROR(IF(H248="Millones de dólares",E248/G248*100,E248),"")
A249: C13 | B249: Fabricación de productos textiles | C249: 2023 | D249: Brasil | E249: 3819.13 | F249: valor_agregado | H249: =VLOOKUP(F249,Hoja1!$A$2:$B$8,2,0) -> Millones de dólares | I249: =IFERROR(IF(H249="Millones de dólares",E249/G249*100,E249),"")
A250: C14 | B250: Fabricación de prendas de vestir | C250: 2023 | D250: Brasil | E250: 4160.37 | F250: valor_agregado | H250: =VLOOKUP(F250,Hoja1!$A$2:$B$8,2,0) -> Millones de dólares | I250: =IFERROR(IF(H250="Millones de dólares",E250/G250*100,E250),"")
A251: C15 | B251: Fabricación de productos de cuero y productos conexos | C251: 2023 | D251: Brasil | E251: 3545.42 | F251: valor_agregado | H251: =VLOOKUP(F251,Hoja1!$A$2:$B$8,2,0) -> Millones de dólares | I251: =IFERROR(IF(H251="Millones de dólares",E251/G251*100,E251),"")
A252: C16 | B252: Producción de madera y fabricación de productos de madera y corcho, excepto muebles; fabricación de artículos de paja y de materiales trenzables | C252: 2023 | D252: Brasil | E252: 2496.58 | F252: valor_agregado | H252: =VLOOKUP(F252,Hoja1!$A$2:$B$8,2,0) -> Millones de dólares | I252: =IFERROR(IF(H252="Millones de dólares",E252/G252*100,E252),"")
A253: C17 | B253: Fabricación de papel y de productos de papel | C253: 2023 | D253: Brasil | E253: 11325.76 | F253: valor_agregado | H253: =VLOOKUP(F253,Hoja1!$A$2:$B$8,2,0) -> Millones de dólares | I253: =IFERROR(IF(H253="Millones de dólares",E253/G253*100,E253),"")
A254: C18 | B254: Impresión y reproducción de grabaciones | C254: 2023 | D254: Brasil | E254: 1086.97 | F254: valor_agregado | H254: =VLOOKUP(F254,Hoja1!$A$2:$B$8,2,0) -> Millones de dólares | I254: =IFERROR(IF(H254="Millones de dólares",E254/G254*100,E254),"")
A255: C19 | B255: Fabricación de coque y productos de la refinación del petróleo | C255: 2023 | D255: Brasil | E255: 41826.34 | F255: valor_agregado | H255: =VLOOKUP(F255,Hoja1!$A$2:$B$8,2,0) -> Millones de dólares | I255: =IFERROR(IF(H255="Millones de dólares",E255/G255*100,E255),"")
A256: C20 | B256: Fabricación de sustancias y productos químicos | C256: 2023 | D256: Brasil | E256: 4298.67 | F256: valor_agregado | H256: =VLOOKUP(F256,Hoja1!$A$2:$B$8,2,0) -> Millones de dólares | I256: =IFERROR(IF(H256="Millones de dólares",E256/G256*100,E256),"")
... A269: C33 | B269: Reparación e instalación de maquinaria y equipo | C269: 2023 | D269: Brasil | E269: 3955.36 | F269: valor_agregado | H269: =VLOOKUP(F269,Hoja1!$A$2:$B$8,2,0) -> Millones de dólares | I269: =IFERROR(IF(H269="Millones de dólares",E269/G269*100,E269),"")
A270: C | B270: Industrias manufactureras | C270: 2023 | D270: Chile | E270: 20194.13 | F270: valor_agregado | G270: 142.91079 | H270: =VLOOKUP(F270,Hoja1!$A$2:$B$8,2,0) -> Millones de dólares | I270: =IFERROR(IF(H270="Millones de dólares",E270/G270*100,E270),"") -> 14130.584
A271: C10 | B271: Elaboración de productos alimenticios | C271: 2023 | D271: Chile | E271: 7485.59 | F271: valor_agregado | G271: 150.0858 | H271: =VLOOKUP(F271,Hoja1!$A$2:$B$8,2,0) -> Millones de dólares | I271: =IFERROR(IF(H271="Millones de dólares",E271/G271*100,E271),"") -> 4987.5406
A272: C11 | B272: Elaboración de bebidas | C272: 2023 | D272: Chile | E272: 1677.23 | F272: valor_agregado | G272: 129.04104 | H272: =VLOOKUP(F272,Hoja1!$A$2:$B$8,2,0) -> Millones de dólares | I272: =IFERROR(IF(H272="Millones de dólares",E272/G272*100,E272),"") -> 1299.7647
A273: C13 | B273: Fabricación de productos textiles | C273: 2023 | D273: Chile | E273: 75.91 | F273: valor_agregado | G273: 69.851283 | H273: =VLOOKUP(F273,Hoja1!$A$2:$B$8,2,0) -> Millones de dólares | I273: =IFERROR(IF(H273="Millones de dólares",E273/G273*100,E273),"") -> 108.67374
A274: C14 | B274: Fabricación de prendas de vestir | C274: 2023 | D274: Chile | E274: 47.93 | F274: valor_agregado | G274: 69.851283 | H274: =VLOOKUP(F274,Hoja1!$A$2:$B$8,2,0) -> Millones de dólares | I274: =IFERROR(IF(H274="Millones de dólares",E274/G274*100,E274),"") -> 68.617208
A275: C15 | B275: Fabricación de productos de cuero y productos conexos | C275: 2023 | D275: Chile | E275: 26.75 | F275: valor_agregado | G275: 69.851283 | H275: =VLOOKUP(F275,Hoja1!$A$2:$B$8,2,0) -> Millones de dólares | I275: =IFERROR(IF(H275="Millones de dólares",E275/G275*100,E275),"") -> 38.295646
A276: C16 | B276: Producción de madera y fabricación de productos de madera y corcho, excepto muebles; fabricación de artículos de paja y de materiales trenzables | C276: 2023 | D276: Chile | E276: 983.18 | F276: valor_agregado | G276: 130.15282 | H276: =VLOOKUP(F276,Hoja1!$A$2:$B$8,2,0) -> Millones de dólares | I276: =IFERROR(IF(H276="Millones de dólares",E276/G276*100,E276),"") -> 755.40432
A277: C17 | B277: Fabricación de papel y de productos de papel | C277: 2023 | D277: Chile | E277: 917.22 | F277: valor_agregado | G277: 89.311059 | H277: =VLOOKUP(F277,Hoja1!$A$2:$B$8,2,0) -> Millones de dólares | I277: =IFERROR(IF(H277="Millones de dólares",E277/G277*100,E277),"") -> 1026.9949
...

Sheet Hoja1
A1: variable | B1: unidad
A2: consumo_intermedio | B2: Millones de dólares
A3: horas_trabajadas | B3: Unidades
A4: nivel_ocupados | B4: Unidades
A5: remuneracion | B5: Millones de dólares
A6: valor_agregado | B6: Millones de dólares
A7: valor_bruto_produccion | B7: Millones de dólares
A8: consumo_energetico | B8: Terajulios
