Workbook

Sheet corriente58
A1: Tabela 10.4 - Valor adicionado bruto constante e corrente,
A2: segundo as atividades - série retropolada - 2000-2021
A4: Atividades | B4: Valor adicionado bruto constante e corrente (1 000 000 R$)
B5: 2000 | C5: 2001 | D5: 2002 | E5: 2003 | F5: 2004 | G5: 2005 | H5: 2006 | I5: 2007 | J5: 2008 | K5: 2009 | L5: 2010 | M5: 2011 | N5: 2012 | O5: 2013 | P5: 2014 | Q5: 2015 | R5: 2016 | S5: 2017 | T5: 2018 | U5: 2019 | V5: 2020 | W5: 2021
B6: Corrente | C6: Corrente | D6: Corrente | E6: Corrente | F6: Corrente | G6: Corrente | H6: Corrente | I6: Corrente | J6: Corrente | K6: Corrente | L6: Corrente | M6: Corrente | N6: Corrente | O6: Corrente | P6: Corrente | Q6: Corrente | R6: Corrente | S6: Corrente | T6: Corrente | U6: Corrente | V6: Corrente | W6: Corrente
A7: Total | B7: =SUM(B8:B58) -> 1031326.4 | C7: =SUM(C8:C58) -> 1120421.9 | D7: =SUM(D8:D58) -> 1270214.6 | E7: =SUM(E8:E58) -> 1470717.2 | F7: =SUM(F8:F58) -> 1661982.1 | G7: =SUM(G8:G58) -> 1842818.4 | H7: =SUM(H8:H58) -> 2049290 | I7: =SUM(I8:I58) -> 2319528.3 | ... W7: =SUM(W8:W58) -> 7713999
A8: Agricultura, silvicultura, exploração florestal | B8: 39059.059 | C8: 43785.803 | D8: 59753.868 | E8: 79029.141 | F8: 82002.492 | G8: 70093.834 | H8: 74959.443 | I8: 86113.021 | J8: 99762.737 | K8: 104212.08 | L8: 111347 | M8: 137194 | N8: 144168 | O8: 171905 | P8: 174761 | Q8: 178711 | R8: 219625 | S8: 217359 | T8: 227442 | U8: 222964 | V8: 322316 | W8: 446637
A9: Pecuária e pesca | B9: 17903.33 | C9: 19384.183 | D9: 21761.327 | E9: 26920.028 | F9: 28910.214 | G9: 30863.715 | H9: 30334.573 | I9: 34038.692 | J9: 42288.44 | K9: 45000.56 | L9: 48585 | M9: 52830 | N9: 56527 | O9: 68385 | P9: 75214 | Q9: 80256 | R9: 87030 | S9: 85612 | T9: 82169 | U9: 87750 | V9: 112305 | W9: 144448
A10: Petróleo e gás natural | B10: 10450.259 | C10: 13994.786 | D10: 19406.063 | E10: 24371.128 | F10: 29016.676 | G10: 43453.038 | H10: 55817.881 | I10: 49980.172 | J10: 72721.117 | K10: 40905.428 | L10: 63474 | M10: 98959 | N10: 124570 | O10: 124623 | P10: 129598 | Q10: 73558 | R10: 22035 | S10: 41283 | T10: 100760 | U10: 116284 | V10: 90642 | W10: 231887
A11: Minério de ferro | B11: 2101.0145 | C11: 2839.9787 | D11: 4415.9076 | E11: 5553.3681 | F11: 7375.91 | G11: 11261.201 | H11: 11105.102 | I11: 11417.713 | J11: 18462.25 | K11: 14672.772 | L11: 36491 | M11: 51912 | N11: 49458 | O11: 53671 | P11: 44174 | Q11: 23916 | R11: 21721 | S11: 36632 | T11: 45134 | U11: 50872 | V11: 85756 | W11: 167230
A12: Outros da indústria extrativa | B12: 1675.969 | C12: 1341.6419 | D12: 1918.8836 | E12: 2400.5224 | F12: 4435.1886 | G12: 3308.869 | H12: 5089.6663 | I12: 7189.4524 | J12: 9104.7525 | K12: 7126.4211 | L12: 10000 | M12: 11696 | N12: 12163 | O12: 11140 | P12: 11025 | Q12: 13299 | R12: 11819 | S12: 12781 | T12: 15175 | U12: 15661 | V12: 17217 | W12: 25750
A13: Alimentos e Bebidas | B13: 17264.15 | C13: 19507.959 | D13: 16563.122 | E13: 24742.35 | F13: 32127.296 | G13: 42795.699 | H13: 47195.305 | I13: 48966.771 | J13: 57111.154 | K13: 59780.548 | L13: 75103 | M13: 89213 | N13: 99439 | O13: 103396 | P13: 109076 | Q13: 119229 | R13: 122317 | S13: 142849 | T13: 142363 | U13: 137176 | V13: 165070 | W13: 183450
A14: Produtos do fumo | B14: 814.06437 | C14: 916.82169 | D14: 775.21956 | E14: 955.42361 | F14: 1009.9593 | G14: 1074.3034 | H14: 1267.9293 | I14: 1310.6916 | J14: 1889.3264 | K14: 1626.2898 | L14: 3595 | M14: 3796 | N14: 4493 | O14: 4757 | P14: 5105 | Q14: 4258 | R14: 3855 | S14: 3161 | T14: 3582 | U14: 3789 | V14: 3834 | W14: 3106
A15: Têxteis | B15: 5962.3778 | C15: 6746.6139 | D15: 7942.8386 | E15: 8780.0219 | F15: 8648.0258 | G15: 7248.1201 | H15: 8689.0321 | I15: 7880.8852 | J15: 7665.7409 | K15: 8078.241 | L15: 10950 | M15: 11756 | N15: 13591 | O15: 13652 | P15: 15156 | Q15: 13375 | R15: 13365 | S15: 15550 | T15: 16047 | U15: 16802 | V15: 12780 | W15: 19370
A16: Artigos do vestuário e acessórios | B16: 9262.2845 | C16: 9623.9819 | D16: 8618.6876 | E16: 8545.3926 | F16: 10012.487 | G16: 11466.105 | H16: 12953.574 | I16: 16970.277 | J16: 18381.587 | K16: 20658.38 | L16: 22027 | M16: 25870 | N16: 24782 | O16: 24872 | P16: 25914 | Q16: 24929 | R16: 26067 | S16: 27324 | T16: 28404 | U16: 27651 | V16: 24071 | W16: 28809
A17: Artefatos de couro e calçados | B17: 3422.3223 | C17: 4590.4228 | D17: 4945.9273 | E17: 5639.1689 | F17: 6619.0948 | G17: 5923.065 | H17: 5978.8752 | I17: 7267.985 | J17: 7915.7339 | K17: 7397.0383 | L17: 10553 | M17: 11413 | N17: 12561 | O17: 13452 | P17: 14042 | Q17: 13536 | R17: 14187 | S17: 15301 | T17: 15570 | U17: 15449 | V17: 13560 | W17: 16343
A18: Produtos de madeira - exclusive móveis | B18: 3311.7061 | C18: 3616.8385 | D18: 4715.7953 | E18: 5780.4315 | F18: 7617.9971 | G18: 6476.8932 | H18: 6292.3343 | I18: 7507.454 | J18: 8147.6312 | K18: 7383.1679 | L18: 8536 | M18: 8866 | N18: 9540 | O18: 10169 | P18: 11364 | Q18: 9840 | R18: 9613 | S18: 10980 | T18: 11759 | U18: 12175 | V18: 14503 | W18: 19564
A19: Celulose e produtos de papel | B19: 7159.973 | C19: 6676.1543 | D19: 7083.1532 | E19: 10598.666 | F19: 11166.211 | G19: 9627.1969 | H19: 9413.9973 | I19: 12021.467 | J19: 11156.972 | K19: 9693.4759 | L19: 15334 | M19: 16861 | N19: 15462 | O19: 17282 | P19: 19316 | Q19: 22787 | R19: 25667 | S19: 27402 | T19: 31780 | U19: 31326 | V19: 30256 | W19: 29864
... A58: Administração pública e seguridade social | B58: 104144.86 | C58: 122488.34 | D58: 136420.9 | E58: 154618.75 | F58: 173456.79 | G58: 199099.56 | H58: 223265.66 | I58: 246386.47 | J58: 278919.14 | K58: 312022.18 | L58: 343319 | M58: 369696 | N58: 405145 | O58: 447604 | P58: 474773 | Q58: 509142 | R58: 544758 | S58: 587600 | T58: 616023 | U58: 646123 | V58: 668908 | W58: 719944

Sheet constante58
A1: Tabela 10.4 - Valor adicionado bruto constante e corrente,
A2: segundo as atividades - série retropolada - 2000-2018
A4: Atividades | B4: Valor adicionado bruto constante e corrente (1 000 000 R$)
B5: 2000 | C5: 2001 | D5: 2002 | E5: 2003 | F5: 2004 | G5: 2005 | H5: 2006 | I5: 2007 | J5: 2008 | K5: 2009 | L5: 2010 | M5: 2011 | N5: 2012 | O5: 2013 | P5: 2014 | Q5: 2015 | R5: 2016 | S5: 2017 | T5: 2018 | U5: 2019 | V5: 2020 | W5: 2021
B6: Corrente | C6: Constante | D6: Constante | E6: Constante | F6: Constante | G6: Constante | H6: Constante | I6: Constante | J6: Constante | K6: Constante | L6: Constante | M6: Constante | N6: Constante | O6: Constante | P6: Constante | Q6: Constante | R6: Constante | S6: Constante | T6: Constante | U6: Constante | V6: Constante | W6: Constante
A7: VA | B7: =SUM(B8:B58) -> 1031326.4 | C7: =SUM(C8:C58) -> 1046931.3 | D7: =SUM(D8:D58) -> 1160527.5 | E7: =SUM(E8:E58) -> 1285796.4 | F7: =SUM(F8:F58) -> 1553911.2 | G7: =SUM(G8:G58) -> 1712074.3 | H7: =SUM(H8:H58) -> 1910748.7 | I7: =SUM(I8:I58) -> 2168132.6 | ... W7: =SUM(W8:W58) -> 6894278
A8: Agricultura, silvicultura, exploração florestal | B8: 39059.059 | C8: 41816.939 | D8: 47989.797 | E8: 65591.28 | F8: 79972.847 | G8: 81386.837 | H8: 74538.737 | I8: 78405.908 | J8: 92041.907 | K8: 93857.586 | L8: 113797.1 | M8: 119015 | N8: 131577 | O8: 158040 | P8: 177708 | Q8: 183736 | R8: 166129 | S8: 260895 | T8: 219974 | U8: 227256 | V8: 235044 | W8: 320027
A9: Pecuária e pesca | B9: 17903.33 | C9: 18107.688 | D9: 20246.53 | E9: 22694.846 | F9: 28090.138 | G9: 30768.158 | H9: 31102.66 | I9: 30307.006 | J9: 35043.722 | K9: 42896.958 | L9: 45408.221 | M9: 49935 | N9: 52590 | O9: 59436 | P9: 69288 | Q9: 74524 | R9: 79309 | S9: 89159 | T9: 86957 | U9: 83640 | V9: 88641 | W9: 114609
A10: Petróleo e gás natural | B10: 10450.259 | C10: 11360.593 | D10: 16709.714 | E10: 20165.656 | F10: 23209.464 | G10: 31283.972 | H10: 46145.313 | I10: 56329.042 | J10: 51939.958 | K10: 74824.56 | L10: 45295.421 | M10: 64982 | N10: 96029 | O10: 120714 | P10: 138254 | Q10: 138046 | R10: 76986 | S10: 21547 | T10: 41105 | U10: 108244 | V10: 123301 | W10: 92386
A11: Minério de ferro | B11: 2101.0145 | C11: 2028.1266 | D11: 2843.2861 | E11: 4761.2158 | F11: 6255.1408 | G11: 8090.7732 | H11: 12393.027 | I11: 12388.662 | J11: 11636.815 | K11: 14224.343 | L11: 19126.893 | M11: 38510 | N11: 51535 | O11: 46984 | P11: 57347 | Q11: 46984 | R11: 20806 | S11: 24667 | T11: 37534 | U11: 23313 | V11: 45149 | W11: 89936
A12: Outros da indústria extrativa | B12: 1675.969 | C12: 1607.0196 | D12: 1392.3235 | E12: 1993.6246 | F12: 2708.6983 | G12: 4232.2099 | H12: 3270.5211 | I12: 5376.411 | J12: 7832.0135 | K12: 9112.562 | L12: 7617.7109 | M12: 10289 | N12: 11849 | O12: 12560 | P12: 10980 | Q12: 10294 | R12: 11630 | S12: 12097 | T12: 12410 | U12: 14775 | V12: 15937 | W12: 18259
A13: Alimentos e Bebidas | B13: 17264.15 | C13: 17813.832 | D13: 20914.742 | E13: 16890.947 | F13: 25012.177 | G13: 33832.269 | H13: 43498.133 | I13: 46989.731 | J13: 49353.302 | K13: 56314.3 | L13: 62783.927 | M13: 74565 | N13: 85324 | O13: 101130 | P13: 102067 | Q13: 105577 | R13: 117705 | S13: 125273 | T13: 143364 | U13: 143844 | V13: 135058 | W13: 160167
A14: Produtos do fumo | B14: 814.06437 | C14: 775.40495 | D14: 1107.1867 | E14: 726.63583 | F14: 1176.8913 | G14: 1029.4284 | H14: 1106.8835 | I14: 1187.5169 | J14: 1198.127 | K14: 1856.1685 | L14: 1492.9741 | M14: 3842 | N14: 3656 | O14: 4105 | P14: 4488 | Q14: 4892 | R14: 3803 | S14: 3811 | T14: 3165 | U14: 3912 | V14: 3840 | W14: 3484
A15: Têxteis | B15: 5962.3778 | C15: 6137.5107 | D15: 6348.8506 | E15: 7756.3592 | F15: 9990.6566 | G15: 8716.4686 | H15: 7119.6979 | I15: 9408.4045 | J15: 8116.3047 | K15: 6798.9561 | L15: 8559.3859 | M15: 9866 | N15: 11442 | O15: 13787 | P15: 12671 | Q15: 13059 | R15: 12946 | S15: 14224 | T15: 14933 | U15: 15491 | V15: 15209 | W15: 13941
A16: Artigos do vestuário e acessórios | B16: 9262.2845 | C16: 8253.3514 | D16: 9435.942 | E16: 7981.7045 | F16: 8527.2302 | G16: 9413.4575 | H16: 10802.349 | I16: 14138.299 | J16: 17826.239 | K16: 17206.509 | L16: 22380.597 | M16: 22163 | N16: 26022 | O16: 24821 | P16: 24267 | Q16: 24973 | R16: 25008 | S16: 26805 | T16: 26269 | U16: 28383 | V16: 20812 | W16: 27205
A17: Artefatos de couro e calçados | B17: 3422.3223 | C17: 3650.54 | D17: 4686.6194 | E17: 4979.7467 | F17: 5836.5755 | G17: 6573.4498 | H17: 5921.8387 | I17: 6064.6717 | J17: 7025.7919 | K17: 6952.2672 | L17: 8017.0043 | M17: 9753 | N17: 11201 | O17: 13481 | P17: 12713 | Q17: 12644 | R17: 13250 | S17: 14656 | T17: 14569 | U17: 15032 | V17: 12738 | W17: 13912
A18: Produtos de madeira - exclusive móveis | B18: 3311.7061 | C18: 3136.3367 | D18: 3669.9195 | E18: 5023.8651 | F18: 6366.943 | G18: 7323.0883 | H18: 6345.2814 | I18: 6121.1322 | J18: 6883.143 | K18: 6745.9889 | L18: 8499.9596 | M18: 8609 | N18: 9218 | O18: 9817 | P18: 9954 | Q18: 10464 | R18: 10120 | S18: 9812 | T18: 11256 | U18: 11242 | V18: 12140 | W18: 16388
A19: Celulose e produtos de papel | B19: 7159.973 | C19: 7478.8356 | D19: 6594.917 | E19: 7953.736 | F19: 11731.922 | G19: 11935.468 | H19: 9894.3932 | I19: 9440.9748 | J19: 12666.553 | K19: 10812.444 | L19: 9932.1623 | M19: 15911 | N19: 16501 | O19: 15545 | P19: 17232 | Q19: 18634 | R19: 22943 | S19: 26703 | T19: 27902 | U19: 30733 | V19: 31722 | W19: 30927
... A58: Administração pública e seguridade social | B58: 104144.86 | C58: 107296.76 | D58: 126172.32 | E58: 140678.27 | F58: 161998.47 | G58: 175659.72 | H58: 208448.84 | I58: 229936.8 | J58: 247269.72 | K58: 291552.14 | L58: 319822.73 | M58: 351629 | N58: 379116 | O58: 416973 | P58: 445772 | Q58: 475282 | R58: 512326 | S58: 540350 | T58: 588213 | U58: 614376 | V58: 641250 | W58: 655822

Sheet Deflactores
B1: 2000 | C1: 2001 | D1: 2002 | E1: 2003 | F1: 2004 | G1: 2005 | H1: 2006 | I1: 2007 | J1: 2008 | K1: 2009 | L1: 2010 | M1: 2011 | N1: 2012 | O1: 2013 | P1: 2014 | Q1: 2015 | R1: 2016 | S1: 2017 | T1: 2018 | U1: 2019 | V1: 2020 | W1: 2021 | X1: 2022 | Y1: 2023
A2: VA | B2: =+corriente58!B7/constante58!B7*100 -> 100 | C2: =+corriente58!C7/constante58!C7*100 -> 107.01961 | D2: =+corriente58!D7/constante58!D7*100 -> 109.45149 | E2: =+corriente58!E7/constante58!E7*100 -> 114.38181 | F2: =+corriente58!F7/constante58!F7*100 -> 106.95477 | G2: =+corriente58!G7/constante58!G7*100 -> 107.63659 | H2: =+corriente58!H7/constante58!H7*100 -> 107.25063 | I2: =+corriente58!I7/constante58!I7*100 -> 106.98277 | ... W2: =+corriente58!W7/constante58!W7*100 -> 111.88987
A3: Agricultura, silvicultura, exploração florestal | B3: =+corriente58!B8/constante58!B8*100 -> 100 | C3: =+corriente58!C8/constante58!C8*100 -> 104.70829 | D3: =+corriente58!D8/constante58!D8*100 -> 124.51369 | E3: =+corriente58!E8/constante58!E8*100 -> 120.48727 | F3: =+corriente58!F8/constante58!F8*100 -> 102.53792 | G3: =+corriente58!G8/constante58!G8*100 -> 86.124288 | H3: =+corriente58!H8/constante58!H8*100 -> 100.56441 | I3: =+corriente58!I8/constante58!I8*100 -> 109.82976 | ... W3: =+corriente58!W8/constante58!W8*100 -> 139.56229
A4: Pecuária e pesca | B4: =+corriente58!B9/constante58!B9*100 -> 100 | C4: =+corriente58!C9/constante58!C9*100 -> 107.04946 | D4: =+corriente58!D9/constante58!D9*100 -> 107.48176 | E4: =+corriente58!E9/constante58!E9*100 -> 118.61736 | F4: =+corriente58!F9/constante58!F9*100 -> 102.91944 | G4: =+corriente58!G9/constante58!G9*100 -> 100.31057 | H4: =+corriente58!H9/constante58!H9*100 -> 97.530478 | I4: =+corriente58!I9/constante58!I9*100 -> 112.31295 | ... W4: =+corriente58!W9/constante58!W9*100 -> 126.03548
A5: Petróleo e gás natural | B5: =+corriente58!B10/constante58!B10*100 -> 100 | C5: =+corriente58!C10/constante58!C10*100 -> 123.18711 | D5: =+corriente58!D10/constante58!D10*100 -> 116.13641 | E5: =+corriente58!E10/constante58!E10*100 -> 120.85463 | F5: =+corriente58!F10/constante58!F10*100 -> 125.02088 | G5: =+corriente58!G10/constante58!G10*100 -> 138.89873 | H5: =+corriente58!H10/constante58!H10*100 -> 120.9611 | I5: =+corriente58!I10/constante58!I10*100 -> 88.728958 | ... W5: =+corriente58!W10/constante58!W10*100 -> 250.99799
A6: Minério de ferro | B6: =+corriente58!B11/constante58!B11*100 -> 100 | C6: =+corriente58!C11/constante58!C11*100 -> 140.02966 | D6: =+corriente58!D11/constante58!D11*100 -> 155.31 | E6: =+corriente58!E11/constante58!E11*100 -> 116.63761 | F6: =+corriente58!F11/constante58!F11*100 -> 117.91757 | G6: =+corriente58!G11/constante58!G11*100 -> 139.18572 | H6: =+corriente58!H11/constante58!H11*100 -> 89.607664 | I6: =+corriente58!I11/constante58!I11*100 -> 92.162597 | ... W6: =+corriente58!W11/constante58!W11*100 -> 185.94334
A7: Outros da indústria extrativa | B7: =+corriente58!B12/constante58!B12*100 -> 100 | C7: =+corriente58!C12/constante58!C12*100 -> 83.486338 | D7: =+corriente58!D12/constante58!D12*100 -> 137.81881 | E7: =+corriente58!E12/constante58!E12*100 -> 120.40996 | F7: =+corriente58!F12/constante58!F12*100 -> 163.73874 | G7: =+corriente58!G12/constante58!G12*100 -> 78.183009 | H7: =+corriente58!H12/constante58!H12*100 -> 155.62249 | I7: =+corriente58!I12/constante58!I12*100 -> 133.72215 | ... W7: =+corriente58!W12/constante58!W12*100 -> 141.02634
A8: Alimentos e Bebidas | B8: =+corriente58!B13/constante58!B13*100 -> 100 | C8: =+corriente58!C13/constante58!C13*100 -> 109.51018 | D8: =+corriente58!D13/constante58!D13*100 -> 79.193529 | E8: =+corriente58!E13/constante58!E13*100 -> 146.48291 | F8: =+corriente58!F13/constante58!F13*100 -> 128.44662 | G8: =+corriente58!G13/constante58!G13*100 -> 126.49373 | H8: =+corriente58!H13/constante58!H13*100 -> 108.49961 | I8: =+corriente58!I13/constante58!I13*100 -> 104.20739 | ... W8: =+corriente58!W13/constante58!W13*100 -> 114.5367
A9: Produtos do fumo | B9: =+corriente58!B14/constante58!B14*100 -> 100 | C9: =+corriente58!C14/constante58!C14*100 -> 118.23779 | D9: =+corriente58!D14/constante58!D14*100 -> 70.017056 | E9: =+corriente58!E14/constante58!E14*100 -> 131.48589 | F9: =+corriente58!F14/constante58!F14*100 -> 85.815853 | G9: =+corriente58!G14/constante58!G14*100 -> 104.35922 | H9: =+corriente58!H14/constante58!H14*100 -> 114.54948 | I9: =+corriente58!I14/constante58!I14*100 -> 110.37247 | ... W9: =+corriente58!W14/constante58!W14*100 -> 89.150402
A10: Têxteis | B10: =+corriente58!B15/constante58!B15*100 -> 100 | C10: =+corriente58!C15/constante58!C15*100 -> 109.92427 | D10: =+corriente58!D15/constante58!D15*100 -> 125.10672 | E10: =+corriente58!E15/constante58!E15*100 -> 113.19772 | F10: =+corriente58!F15/constante58!F15*100 -> 86.561135 | G10: =+corriente58!G15/constante58!G15*100 -> 83.154319 | H10: =+corriente58!H15/constante58!H15*100 -> 122.04215 | I10: =+corriente58!I15/constante58!I15*100 -> 83.764311 | ... W10: =+corriente58!W15/constante58!W15*100 -> 138.94269
A11: Artigos do vestuário e acessórios | B11: =+corriente58!B16/constante58!B16*100 -> 100 | C11: =+corriente58!C16/constante58!C16*100 -> 116.60696 | D11: =+corriente58!D16/constante58!D16*100 -> 91.338921 | E11: =+corriente58!E16/constante58!E16*100 -> 107.06225 | F11: =+corriente58!F16/constante58!F16*100 -> 117.41781 | G11: =+corriente58!G16/constante58!G16*100 -> 121.80546 | H11: =+corriente58!H16/constante58!H16*100 -> 119.91442 | I11: =+corriente58!I16/constante58!I16*100 -> 120.03054 | ... W11: =+corriente58!W16/constante58!W16*100 -> 105.89598
A12: Artefatos de couro e calçados | B12: =+corriente58!B17/constante58!B17*100 -> 100 | C12: =+corriente58!C17/constante58!C17*100 -> 125.7464 | D12: =+corriente58!D17/constante58!D17*100 -> 105.53294 | E12: =+corriente58!E17/constante58!E17*100 -> 113.24208 | F12: =+corriente58!F17/constante58!F17*100 -> 113.40716 | G12: =+corriente58!G17/constante58!G17*100 -> 90.105883 | H12: =+corriente58!H17/constante58!H17*100 -> 100.96315 | I12: =+corriente58!I17/constante58!I17*100 -> 119.84136 | ... W12: =+corriente58!W17/constante58!W17*100 -> 117.47412
A13: Produtos de madeira - exclusive móveis | B13: =+corriente58!B18/constante58!B18*100 -> 100 | C13: =+corriente58!C18/constante58!C18*100 -> 115.32048 | D13: =+corriente58!D18/constante58!D18*100 -> 128.4986 | E13: =+corriente58!E18/constante58!E18*100 -> 115.05945 | F13: =+corriente58!F18/constante58!F18*100 -> 119.64921 | G13: =+corriente58!G18/constante58!G18*100 -> 88.444833 | H13: =+corriente58!H18/constante58!H18*100 -> 99.165567 | I13: =+corriente58!I18/constante58!I18*100 -> 122.64813 | ... W13: =+corriente58!W18/constante58!W18*100 -> 119.38003
... A53: Administração pública e seguridade social | B53: =+corriente58!B58/constante58!B58*100 -> 100 | C53: =+corriente58!C58/constante58!C58*100 -> 114.15848 | D53: =+corriente58!D58/constante58!D58*100 -> 108.12268 | E53: =+corriente58!E58/constante58!E58*100 -> 109.90948 | F53: =+corriente58!F58/constante58!F58*100 -> 107.07311 | G53: =+corriente58!G58/constante58!G58*100 -> 113.34389 | H53: =+corriente58!H58/constante58!H58*100 -> 107.10813 | I53: =+corriente58!I58/constante58!I58*100 -> 107.15399 | ... W53: =+corriente58!W58/constante58!W58*100 -> 109.77735

Sheet Deflactor C 2000-2024
B1: 2000 | C1: 2001 | D1: 2002 | E1: 2003 | F1: 2004 | G1: 2005 | H1: 2006 | I1: 2007 | J1: 2008 | K1: 2009 | L1: 2010 | M1: 2011 | N1: 2012 | O1: 2013 | P1: 2014 | Q1: 2015 | R1: 2016 | S1: 2017 | T1: 2018 | U1: 2019 | V1: 2020 | W1: 2021 | X1: 2022 | Y1: 2023 | Z1: 2024
A2: Manufactura corriente | B2: 157496.66 | C2: 172226.31 | D2: 183968.89 | E2: 248256.97 | F2: 295611.23 | G2: 319906.85 | H2: 339947.99 | I2: 385033.22 | J2: 433978.52 | K2: 435277.01 | L2: 494352 | M2: 515704 | N2: 514021 | O2: 558733 | P2: 597376 | Q2: 630813 | R2: 676238 | S2: 706062 | T2: 737428 | U2: 763482 | V2: 813689 | W2: 1072839 | X2: 1317825.2 | Y2: 1450339.4 | Z2: 1454073.4
A3: Manufactura constante | B3: 157496.66 | C3: 158620.22 | D3: 175831.02 | E3: 188861.3 | F3: 270805.7 | G3: 302240.93 | H3: 323853.22 | I3: 360825.24 | J3: 401010.36 | K3: 393774.94 | L3: 475279.12 | M3: 505461 | N3: 503437 | O3: 529510 | P3: 532545 | Q3: 546693 | R3: 600742 | S3: 691856 | T3: 715896 | U3: 734288 | V3: 727854 | W3: 844427 | X3: 1066974.6 | Y3: =+X3*(Y4/X4) -> 1053393 | Z3: =+Y3*(Z4/Y4) -> 1092940.2
A4: serie estimada constante para C | B4: 378735.88 | C4: 381437.73 | D4: 389421.24 | E4: 399777.39 | F4: 436088.46 | G4: 445868.65 | H4: 451368.88 | I4: 479088.84 | J4: 498968.87 | K4: 452744.61 | L4: 494352 | M4: 505461 | N4: 493437.65 | O4: 508306.41 | P4: 484481.92 | Q4: 443377.16 | R4: 422241.27 | S4: 431993.11 | T4: 438009.89 | U4: 436144.83 | V4: 415792.06 | W4: 431499.07 | X4: 429140.39 | Y4: 423677.85 | Z4: 439583.84
A5: Deflactor Manufactura | B5: =+B2/B3*100 -> 100 | C5: =+C2/C3*100 -> 108.57778 | D5: =+D2/D3*100 -> 104.62823 | E5: =+E2/E3*100 -> 131.44936 | F5: =+F2/F3*100 -> 109.1599 | G5: =+G2/G3*100 -> 105.84498 | H5: =+H2/H3*100 -> 104.96977 | I5: =+I2/I3*100 -> 106.70906 | ... Z5: =+Z2/Z3*100 -> 133.04236
