Workbook
Name Fin_Lateral: '[1]CI_Tv (65-2007K)'!$D$123
Name Fin_Registro: '[1]CI_Tv (65-2007K)'!$AW$123
Name Fin_Superior: '[1]CI_Tv (65-2007K)'!$AW$6
Name Ini_Lateral: '[1]CI_Tv (65-2007K)'!$D$8
Name Ini_Registro: '[1]CI_Tv (65-2007K)'!$E$8
Name Ini_Superior: '[1]CI_Tv (65-2007K)'!$E$6
Name Titulo: '[1]CI_Tv (65-2007K)'!$A$2

Sheet VAB corriente
A10: Millones de USD
A11: corrientes y a precios del año anterior
A13: CIIU | B13: COD. | C13: Industria | D13: 2018 | E13: 2019 | F13: 2020 | G13: 2021 | H13: 2022 | I13: 2023 (p)
A14: A -Agricultura, ganadería y silvicultura | B14: 01 | C14: Cultivo de cereales (excepto arroz), legumbres y semillas oleaginosas | D14: 389.928 | E14: 410.649 | F14: 384.715 | G14: 432.45 | H14: 463.245 | I14: 477.309
B15: 02 | C15: Cultivo de arroz | D15: 120.352 | E15: 123.794 | F15: 133.43 | G15: 98.774 | H15: 119.297 | I15: 162.028
B16: 03 | C16: Cultivo de hortalizas y melones, raíces y tubérculos | D16: 450.101 | E16: 467.223 | F16: 440.726 | G16: 478.945 | H16: 450.892 | I16: 539.878
B17: 04 | C17: Cultivo de caña de azúcar | D17: 82.613 | E17: 100.484 | F17: 85.863 | G17: 86.843 | H17: 80.554 | I17: 88.155
B18: 05 | C18: Cultivos de frutas, y otros tipos de cultivos n.c.p. | D18: 2590.387 | E18: 2614.194 | F18: 2679.495 | G18: 2620.144 | H18: 2556.121 | I18: 3095.126
B19: 06 | C19: Cultivo de otras plantas no perennes y propagación de plantas | D19: 767.842 | E19: 807.362 | F19: 715.609 | G19: 756.86 | H19: 782.175 | I19: 839.447
B20: 07 | C20: Cultivo de frutos oleaginosos | D20: 138.994 | E20: 136.455 | F20: 147.37 | G20: 205.917 | H20: 221.222 | I20: 228.719
B21: 08 | C21: Cultivo de plantas con las que se preparan bebidas | D21: 512.599 | E21: 514.474 | F21: 614.787 | G21: 622.111 | H21: 674.315 | I21: 926.109
B22: 09 | C22: Actividades de apoyo a la agricultura, poscosecha y tratamiento de semillas para propagación | D22: 370.692 | E22: 379.306 | F22: 357.402 | G22: 387.355 | H22: 371.919 | I22: 377.081
B23: 10 | C23: Ganadería | D23: 1022.501 | E23: 1064.623 | F23: 961.863 | G23: 1060.096 | H23: 1114.543 | I23: 1269.668
B24: 11 | C24: Silvicultura y extracción de madera | D24: 443.87 | E24: 391.536 | F24: 284.443 | G24: 316.332 | H24: 284.486 | I24: 270.397
B25: Total A -Agricultura, ganadería y silvicultura | D25: 6889.879 | E25: 7010.1 | F25: 6805.703 | G25: 7065.827 | H25: 7118.769 | I25: 8273.917
A26: A -Pesca y acuicultura | B26: 12 | C26: Pesca y acuicultura | D26: 1326.952 | E26: 1368.134 | F26: 1233.335 | G26: 1594.242 | H26: 1466.999 | I26: 1412.364
B27: Total A -Pesca y acuicultura | D27: 1326.952 | E27: 1368.134 | F27: 1233.335 | G27: 1594.242 | H27: 1466.999 | I27: 1412.364
A28: B -Explotación de minas y canteras | B28: 13 | C28: Servicios Petroleros - Explotación de otras minas y canteras, y actividades de apoyo | D28: 2565.542 | E28: 2498.162 | F28: 1682.067 | G28: 2633.41 | H28: 3113.294 | I28: 2680.461
B29: 14 | C29: Extracción de petróleo crudo y gas natural | D29: 5568.552 | E29: 5053.099 | F29: 2739.447 | G29: 4965.936 | H29: 7420.29 | I29: 5332.472
B30: 15 | C30: Extracción de minerales metalíferos | D30: 215.488 | E30: 238.804 | F30: 611.132 | G30: 1310.685 | H30: 1603.658 | I30: 1963.998
B31: 16 | C31: Explotación de otras minas y canteras, y actividades de apoyo | D31: 132.209 | E31: 121.577 | F31: 98.322 | G31: 117.367 | H31: 97.667 | I31: 128.282
B32: Total B -Explotación de minas y canteras | D32: 8481.791 | E32: 7911.642 | F32: 5130.968 | G32: 9027.398 | H32: 12234.909 | I32: 10105.213
A33: C -Manufactura de productos alimenticios | B33: 17 | C33: Elaboración y conservación de carne | D33: 993.327 | E33: 1026.593 | F33: 959.845 | G33: 1025.37 | H33: 1049.197 | I33: 1107.333
B34: 18 | C34: Preparación y conservación de pescado y otros productos acuaticos elaborados | D34: 474.222 | E34: 498.267 | F34: 567.703 | G34: 521.199 | H34: 565.837 | I34: 622.15
B35: 19 | C35: Procesamiento y conservación de camarón | D35: 1162.561 | E35: 1300.041 | F35: 1496.332 | G35: 1895.38 | H35: 2941.946 | I35: 2994.151
B36: 20 | C36: Elaboración de aceites y grasas de origen vegetal y animal | D36: 364.376 | E36: 321.479 | F36: 289.755 | G36: 311.051 | H36: 404.086 | I36: 388.181
B37: 21 | C37: Elaboración de productos lácteos | D37: 713.935 | E37: 629.521 | F37: 575.822 | G37: 582.972 | H37: 541.334 | I37: 635.847
B38: 22 | C38: Elaboración de productos de la panadería y pastelería | D38: 324.015 | E38: 319.258 | F38: 298.658 | G38: 289.205 | H38: 310.836 | I38: 370.827
B39: 23 | C39: Elaboración de productos de molinería | D39: 701.588 | E39: 710.666 | F39: 643.47 | G39: 623.053 | H39: 603.47 | I39: 732.876
B40: 24 | C40: Elaboración y refinación de azúcar | D40: 189.374 | E40: 190.931 | F40: 158.168 | G40: 183.771 | H40: 208.388 | I40: 278.514
B41: 25 | C41: Elaboración de cacao, chocolate y productos de confitería | D41: 118.725 | E41: 103.485 | F41: 76.233 | G41: 107.361 | H41: 111.351 | I41: 114.202
B42: 26 | C42: Elaboración de fideos y de otros productos farináceos | D42: 70.703 | E42: 78.507 | F42: 76.143 | G42: 68.675 | H42: 75.347 | I42: 103.818
B43: 27 | C43: Elaboración de café | D43: 63.81 | E43: 57.503 | F43: 65.71 | G43: 70.434 | H43: 69.167 | I43: 84.924
B44: 28 | C44: Elaboración de alimentos preparados para animales | D44: 308.631 | E44: 355.631 | F44: 406.439 | G44: 462.561 | H44: 486.705 | I44: 475.537
B45: 29 | C45: Elaboración de otros productos alimenticios diversos | D45: 355.337 | E45: 373.161 | F45: 390.607 | G45: 410.944 | H45: 445.267 | I45: 498.062
B46: 30 | C46: Elaboración bebidas no alcohólicas (jugos) | D46: 37.671 | E46: 31.319 | F46: 30.362 | G46: 30.391 | H46: 35.495 | I46: 40.949
B47: Total C -Manufactura de productos alimenticios | D47: 5878.275 | E47: 5996.362 | F47: 6035.247 | G47: 6582.367 | H47: 7848.426 | I47: 8447.371
A48: C -Manufactura de productos no alimenticios | B48: 31 | C48: Elaboración bebidas no alcohólicas (excepto jugos) | D48: 300.113 | E48: 256.751 | F48: 216.173 | G48: 210.665 | H48: 205.337 | I48: 248.395
B49: 32 | C49: Elaboración bebidas alcohólicas | D49: 452.426 | E49: 325.887 | F49: 241.386 | G49: 299.539 | H49: 275.399 | I49: 270.153
B50: 33 | C50: Elaboración de productos de tabaco | D50: 24.319 | E50: 18.411 | F50: 11.315 | G50: 0.891 | H50: 0 | I50: 0
B51: 34 | C51: Fabricación de hilos, hilados; tejidos y confecciones | D51: 214.1 | E51: 206.209 | F51: 154.465 | G51: 179.829 | H51: 193.352 | I51: 196.249
B52: 35 | C52: Fabricación de prendas de vestir | D52: 493.115 | E52: 478.1 | F52: 346.736 | G52: 413.105 | H52: 425.514 | I52: 505.355
B53: 36 | C53: Fabricación de cuero, productos de cuero y calzado | D53: 158.919 | E53: 154.619 | F53: 90.659 | G53: 99.635 | H53: 107.328 | I53: 118.106
B54: 37 | C54: Producción de madera y de productos de madera | D54: 400.164 | E54: 429.732 | F54: 472.736 | G54: 379.135 | H54: 395.061 | I54: 402.342
B55: 38 | C55: Fabricación de papel y productos de papel | D55: 577.35 | E55: 574.139 | F55: 520.875 | G55: 528.274 | H55: 628.223 | I55: 525.451
B56: 39 | C56: Impresión y reproducción de grabaciones | D56: 323.013 | E56: 323.846 | F56: 255.575 | G56: 230.915 | H56: 232.244 | I56: 308.672
B57: 41 | C57: Fabricación de sustancias químicas básicas, abonos y plásticos primarios, caucho sintético y artificial | D57: 199.975 | E57: 195.638 | F57: 209.407 | G57: 239.997 | H57: 229.634 | I57: 233.398
B58: 42 | C58: Fabricación de otros productos químicos | D58: 446.644 | E58: 411.757 | F58: 363.998 | G58: 412.967 | H58: 434.657 | I58: 423.137
B59: 43 | C59: Fabricación de productos farmacéuticos y medicamentos | D59: 190.455 | E59: 197.535 | F59: 218.132 | G59: 245.25 | H59: 243.342 | I59: 242.881
B60: 44 | C60: Fabricación de productos de caucho | D60: 82.29 | E60: 75.094 | F60: 55.194 | G60: 65.494 | H60: 75.747 | I60: 87.902
... B71: 55 | C71: Industrias manufactureras n.c.p. | D71: 319.06 | E71: 319.891 | F71: 251.734 | G71: 341.02 | H71: 374.774 | I71: 424.964
B72: Total C -Manufactura de productos no alimenticios | D72: 7023.35 | E72: 6713.217 | F72: 5704.504 | G72: 6406.2 | H72: 6450.388 | I72: 7030.937
A73: C -Refinados de petroleo | B73: 40 | C73: Fabricación de productos refinados de petróleo y de otros | D73: 1464.344 | E73: 931.943 | F73: 666.979 | G73: 955.474 | H73: 664.626 | I73: 633.61
B74: Total C -Refinados de petroleo | D74: 1464.344 | E74: 931.943 | F74: 666.979 | G74: 955.474 | H74: 664.626 | I74: 633.61
A75: D-E -Suministro de electricidad y agua | B75: 56 | C75: Suministro de electricidad, gas, vapor y aire acondicionado | D75: 1425.173 | E75: 1608.52 | F75: 1512.436 | G75: 1601.494 | H75: 1681.656 | I75: 1549.03
B76: 57 | C76: Distribución de agua; alcantarillado, gestión de desechos y actividades de saneamiento | D76: 333.222 | E76: 388.526 | F76: 321.229 | G76: 414.422 | H76: 447.912 | I76: 494.079
B77: Total D-E -Suministro de electricidad y agua | D77: 1758.395 | E77: 1997.046 | F77: 1833.665 | G77: 2015.916 | H77: 2129.568 | I77: 2043.109
A78: F -Construcción | B78: 58 | C78: Construcción | D78: 5503.806 | E78: 5124.577 | F78: 3618.265 | G78: 4325.575 | H78: 5028.43 | I78: 5146.577
B79: Total F -Construcción | D79: 5503.806 | E79: 5124.577 | F79: 3618.265 | G79: 4325.575 | H79: 5028.43 | I79: 5146.577
A80: G -Comercio | B80: 59 | C80: Comercio al por mayor y al por menor; reparación de vehículos automotores y motocicletas | D80: 15248.874 | E80: 15276.686 | F80: 13602.415 | G80: 16230.15 | H80: 18183.8 | I80: 18620.261
B81: Total G -Comercio | D81: 15248.874 | E81: 15276.686 | F81: 13602.415 | G81: 16230.15 | H81: 18183.8 | I81: 18620.261
A82: H -Transporte y almacenamiento | B82: 60 | C82: Transporte y almacenamiento | D82: 5190.07 | E82: 5416.852 | F82: 4707.817 | G82: 4822.491 | H82: 5105.801 | I82: 5474.649
B83: 61 | C83: Actividades postales y de mensajería | D83: 165.458 | E83: 168.825 | F83: 153.109 | G83: 166.171 | H83: 164.727 | I83: 158.789
B84: Total H -Transporte y almacenamiento | D84: 5355.528 | E84: 5585.677 | F84: 4860.926 | G84: 4988.662 | H84: 5270.528 | I84: 5633.438
A85: I -Alojamiento y comidas | B85: 62 | C85: Actividades de alojamiento | D85: 395.502 | E85: 399.867 | F85: 225.961 | G85: 275.211 | H85: 330.776 | I85: 350.709
B86: 63 | C86: Servicio de alimento y bebida | D86: 1035.124 | E86: 1120.784 | F86: 902.351 | G86: 1021.494 | H86: 1042.047 | I86: 1242.711
B87: Total I -Alojamiento y comidas | D87: 1430.626 | E87: 1520.651 | F87: 1128.312 | G87: 1296.705 | H87: 1372.823 | I87: 1593.42
A88: J -Información y comunicación | B88: 64 | C88: Información y comunicación | D88: 2567.002 | E88: 2485.971 | F88: 2310.192 | G88: 2310.112 | H88: 2483.292 | I88: 2469.601
B89: Total J -Información y comunicación | D89: 2567.002 | E89: 2485.971 | F89: 2310.192 | G89: 2310.112 | H89: 2483.292 | I89: 2469.601
A90: K -Actividades financieras y de seguros | B90: 65 | C90: Actividades de servicios financieros, excepto las de seguros y fondos de pensiones | D90: 3323.745 | E90: 3435.861 | F90: 3344.792 | G90: 3768.773 | H90: 4472.377 | I90: 4657.255
B91: 66 | C91: Seguros, reaseguros y fondos de pensiones, excepto los planes de seguridad social de afiliación obligatoria | D91: 424.724 | E91: 446.578 | F91: 391.519 | G91: 276.153 | H91: 284.852 | I91: 471.32
B92: 67 | C92: Actividades auxiliares de las actividades de servicios financieros | D92: 268.605 | E92: 285.47 | F92: 233.942 | G92: 264.717 | H92: 286.908 | I92: 306.912
B93: Total K -Actividades financieras y de seguros | D93: 4017.074 | E93: 4167.909 | F93: 3970.253 | G93: 4309.643 | H93: 5044.137 | I93: 5435.487
A94: L -Actividades inmobiliarias | B94: 68 | C94: Actividades inmobiliarias | D94: 7316.735 | E94: 7383.988 | F94: 7276.626 | G94: 7106.948 | H94: 7436.186 | I94: 7847.895
B95: Total L -Actividades inmobiliarias | D95: 7316.735 | E95: 7383.988 | F95: 7276.626 | G95: 7106.948 | H95: 7436.186 | I95: 7847.895
A96: M - N -Actividades profesionales, técnicas | B96: 69 | C96: Actividades profesionales, científicas, técnicas y administrativas | D96: 7768.852 | E96: 7750.344 | F96: 6731.403 | G96: 7310.324 | H96: 7920.924 | I96: 8589.012
B97: Total M - N -Actividades profesionales, técnicas | D97: 7768.852 | E97: 7750.344 | F97: 6731.403 | G97: 7310.324 | H97: 7920.924 | I97: 8589.012
A98: O -Administración pública | B98: 70 | C98: Administración pública y defensa; planes de seguridad social de afiliación obligatoria | D98: 8020.002 | E98: 8003.155 | F98: 7955.241 | G98: 7881.308 | H98: 8252.09 | I98: 8468.214
B99: Total O -Administración pública | D99: 8020.002 | E99: 8003.155 | F99: 7955.241 | G99: 7881.308 | H99: 8252.09 | I99: 8468.214
A100: P -Enseñanza | B100: 71 | C100: Servicios de enseñanza privada | D100: 1574.291 | E100: 1685.789 | F100: 1618.555 | G100: 1594.325 | H100: 1638.041 | I100: 1740.171
B101: 72 | C101: Servicios de enseñanza pública (no de mercado) | D101: 3796.798 | E101: 3764.336 | F101: 3432.238 | G101: 3489.889 | H101: 3579.466 | I101: 3983.189
B102: Total P -Enseñanza | D102: 5371.089 | E102: 5450.125 | F102: 5050.793 | G102: 5084.214 | H102: 5217.507 | I102: 5723.36
A103: Q -Salud y asistencia social | B103: 73 | C103: Actividades de atención de la salud humana y de asistencia social privada | D103: 1416.272 | E103: 1521.328 | F103: 1423.61 | G103: 1726.811 | H103: 1900.484 | I103: 1929.138
B104: 74 | C104: Actividades de atención de la salud humana y de asistencia social no de mercado | D104: 2694.884 | E104: 2716.436 | F104: 2790.213 | G104: 2619.934 | H104: 2635.74 | I104: 2715.781
B105: Total Q -Salud y asistencia social | D105: 4111.156 | E105: 4237.764 | F105: 4213.823 | G105: 4346.745 | H105: 4536.224 | I105: 4644.919
A106: R - S - U -Arte, entretenimiento y otras actividades de servicios | B106: 75 | C106: Servicios de asociaciones, personales; esparcimiento; culturales y deportivos | D106: 1087.372 | E106: 1177.071 | F106: 1032.143 | G106: 1081.417 | H106: 1093.336 | I106: 1160.198
B107: Total R - S - U -Arte, entretenimiento y otras actividades de servicios | D107: 1087.372 | E107: 1177.071 | F107: 1032.143 | G107: 1081.417 | H107: 1093.336 | I107: 1160.198
A108: T -Actividades de los Hogares como empleadores | B108: 76 | C108: Actividades de los hogares como empleadores de personal doméstico | D108: 847.047 | E108: 912.513 | F108: 653.703 | G108: 709.587 | H108: 782.321 | I108: 832.526
B109: Total T -Actividades de los Hogares como empleadores | D109: 847.047 | E109: 912.513 | F109: 653.703 | G109: 709.587 | H109: 782.321 | I109: 832.526
A110: Valor Agregado Total | D110: 101468.15 | E110: 101004.87 | F110: 89814.496 | G110: 100628.81 | H110: 110535.28 | I110: 114111.43
A112: (p): provisional
A113: Elaboración: Banco Central del Ecuador | D113: 0 | E113: 0 | F113: 0

Sheet VAB constante
A10: Millones de USD
A11: corrientes y a precios del año anterior
A13: CIIU | B13: COD. | C13: Industria | D13: 2018 | E13: 2019 a precios de 2018 | F13: 2020 a precios de 2019 | G13: 2021 a precios de 2020 | H13: 2022 a precios de 2021 | I13: 2023 a precios de 2022 (p)
A14: A -Agricultura, ganadería y silvicultura | B14: 01 | C14: Cultivo de cereales (excepto arroz), legumbres y semillas oleaginosas | D14: 389.928 | E14: 412.391 | F14: 379.674 | G14: 432.868 | H14: 422.058 | I14: 448.651
B15: 02 | C15: Cultivo de arroz | D15: 120.352 | E15: 109.533 | F15: 128.64 | G15: 141.907 | H15: 100.493 | I15: 119.134
B16: 03 | C16: Cultivo de hortalizas y melones, raíces y tubérculos | D16: 450.101 | E16: 456.314 | F16: 460.715 | G16: 495.229 | H16: 425.775 | I16: 486.051
B17: 04 | C17: Cultivo de caña de azúcar | D17: 82.613 | E17: 100.751 | F17: 97.798 | G17: 89.604 | H17: 88.051 | I17: 80.015
B18: 05 | C18: Cultivos de frutas, y otros tipos de cultivos n.c.p. | D18: 2590.387 | E18: 2535.947 | F18: 2678.692 | G18: 2728.328 | H18: 2562.134 | I18: 2653.914
B19: 06 | C19: Cultivo de otras plantas no perennes y propagación de plantas | D19: 767.842 | E19: 824.78 | F19: 751.342 | G19: 764.425 | H19: 766.155 | I19: 827.17
B20: 07 | C20: Cultivo de frutos oleaginosos | D20: 138.994 | E20: 130.291 | F20: 131.693 | G20: 160.363 | H20: 210.181 | I20: 226.002
B21: 08 | C21: Cultivo de plantas con las que se preparan bebidas | D21: 512.599 | E21: 476.267 | F21: 597.247 | G21: 636.846 | H21: 666.732 | I21: 661.633
B22: 09 | C22: Actividades de apoyo a la agricultura, poscosecha y tratamiento de semillas para propagación | D22: 370.692 | E22: 374.604 | F22: 401.103 | G22: 374.7 | H22: 401.123 | I22: 381.786
B23: 10 | C23: Ganadería | D23: 1022.501 | E23: 1039.378 | F23: 1016.193 | G23: 992.019 | H23: 1102.689 | I23: 1144.344
B24: 11 | C24: Silvicultura y extracción de madera | D24: 443.87 | E24: 389.799 | F24: 331.59 | G24: 295.856 | H24: 316.251 | I24: 296.703
B25: Total A -Agricultura, ganadería y silvicultura | D25: 6889.879 | E25: 6850.055 | F25: 6974.687 | G25: 7112.145 | H25: 7061.642 | I25: 7325.403
A26: A -Pesca y acuicultura | B26: 12 | C26: Pesca y acuicultura | D26: 1326.952 | E26: 1556.129 | F26: 1398.896 | G26: 1442.192 | H26: 1896.514 | I26: 1489.43
B27: Total A -Pesca y acuicultura | D27: 1326.952 | E27: 1556.129 | F27: 1398.896 | G27: 1442.192 | H27: 1896.514 | I27: 1489.43
A28: B -Explotación de minas y canteras | B28: 13 | C28: Servicios Petroleros - Explotación de otras minas y canteras, y actividades de apoyo | D28: 2565.542 | E28: 2186.113 | F28: 2462.9 | G28: 1849.117 | H28: 2559.914 | I28: 3011.014
B29: 14 | C29: Extracción de petróleo crudo y gas natural | D29: 5568.552 | E29: 6187.575 | F29: 4449.792 | G29: 2612.168 | H29: 4994.814 | I29: 7301.343
B30: 15 | C30: Extracción de minerales metalíferos | D30: 215.488 | E30: 236.341 | F30: 517.904 | G30: 946.451 | H30: 1633.259 | I30: 1640.323
B31: 16 | C31: Explotación de otras minas y canteras, y actividades de apoyo | D31: 132.209 | E31: 121.139 | F31: 98.959 | G31: 114.585 | H31: 120.511 | I31: 94.693
B32: Total B -Explotación de minas y canteras | D32: 8481.791 | E32: 8731.168 | F32: 7529.555 | G32: 5522.321 | H32: 9308.498 | I32: 12047.373
A33: C -Manufactura de productos alimenticios | B33: 17 | C33: Elaboración y conservación de carne | D33: 993.327 | E33: 1052.198 | F33: 968.263 | G33: 1082.375 | H33: 1090.065 | I33: 1055.427
B34: 18 | C34: Preparación y conservación de pescado y otros productos acuaticos elaborados | D34: 474.222 | E34: 518.402 | F34: 513.904 | G34: 687.383 | H34: 535.389 | I34: 545.787
B35: 19 | C35: Procesamiento y conservación de camarón | D35: 1162.561 | E35: 1458.08 | F35: 1356.209 | G35: 1656.415 | H35: 2409.39 | I35: 3059.679
B36: 20 | C36: Elaboración de aceites y grasas de origen vegetal y animal | D36: 364.376 | E36: 290.623 | F36: 300.147 | G36: 299.083 | H36: 315.842 | I36: 415.167
B37: 21 | C37: Elaboración de productos lácteos | D37: 713.935 | E37: 714.373 | F37: 570.909 | G37: 616.103 | H37: 587.752 | I37: 538.48
B38: 22 | C38: Elaboración de productos de la panadería y pastelería | D38: 324.015 | E38: 310.047 | F38: 303.5 | G38: 309.722 | H38: 312.994 | I38: 343.988
B39: 23 | C39: Elaboración de productos de molinería | D39: 701.588 | E39: 716.293 | F39: 661.706 | G39: 680.029 | H39: 608.038 | I39: 607.353
B40: 24 | C40: Elaboración y refinación de azúcar | D40: 189.374 | E40: 211.374 | F40: 174.947 | G40: 177.862 | H40: 188.484 | I40: 207.424
B41: 25 | C41: Elaboración de cacao, chocolate y productos de confitería | D41: 118.725 | E41: 116.483 | F41: 93.162 | G41: 93.948 | H41: 115.361 | I41: 115.761
B42: 26 | C42: Elaboración de fideos y de otros productos farináceos | D42: 70.703 | E42: 72.211 | F42: 73.131 | G42: 70.329 | H42: 71.229 | I42: 74.436
B43: 27 | C43: Elaboración de café | D43: 63.81 | E43: 65.527 | F43: 55.606 | G43: 78.045 | H43: 76.543 | I43: 70.764
B44: 28 | C44: Elaboración de alimentos preparados para animales | D44: 308.631 | E44: 336.338 | F44: 375.392 | G44: 518.272 | H44: 562.637 | I44: 448.058
B45: 29 | C45: Elaboración de otros productos alimenticios diversos | D45: 355.337 | E45: 351.899 | F45: 361.83 | G45: 407.296 | H45: 441.454 | I45: 433.171
B46: 30 | C46: Elaboración bebidas no alcohólicas (jugos) | D46: 37.671 | E46: 37.32 | F46: 29.241 | G46: 36.214 | H46: 30.586 | I46: 38.524
B47: Total C -Manufactura de productos alimenticios | D47: 5878.275 | E47: 6251.168 | F47: 5837.947 | G47: 6713.076 | H47: 7345.764 | I47: 7954.019
A48: C -Manufactura de productos no alimenticios | B48: 31 | C48: Elaboración bebidas no alcohólicas (excepto jugos) | D48: 300.113 | E48: 286.498 | F48: 212.262 | G48: 231.125 | H48: 219.148 | I48: 221.706
B49: 32 | C49: Elaboración bebidas alcohólicas | D49: 452.426 | E49: 347.972 | F49: 268.5 | G49: 262.105 | H49: 309.812 | I49: 277.673
B50: 33 | C50: Elaboración de productos de tabaco | D50: 24.319 | E50: 21.638 | F50: 10.379 | G50: 5.915 | H50: 0 | I50: 0
B51: 34 | C51: Fabricación de hilos, hilados; tejidos y confecciones | D51: 214.1 | E51: 195.496 | F51: 165.282 | G51: 194.063 | H51: 189.128 | I51: 174.303
B52: 35 | C52: Fabricación de prendas de vestir | D52: 493.115 | E52: 479.693 | F52: 348.007 | G52: 453.294 | H52: 430.279 | I52: 462.411
B53: 36 | C53: Fabricación de cuero, productos de cuero y calzado | D53: 158.919 | E53: 158.298 | F53: 103.472 | G53: 117.666 | H53: 106.43 | I53: 111.207
B54: 37 | C54: Producción de madera y de productos de madera | D54: 400.164 | E54: 387.05 | F54: 390.18 | G54: 425.421 | H54: 372.171 | I54: 401.678
B55: 38 | C55: Fabricación de papel y productos de papel | D55: 577.35 | E55: 575.408 | F55: 515.152 | G55: 589.554 | H55: 594.911 | I55: 593.343
B56: 39 | C56: Impresión y reproducción de grabaciones | D56: 323.013 | E56: 317.085 | F56: 261.246 | G56: 268.383 | H56: 237.431 | I56: 226.771
B57: 41 | C57: Fabricación de sustancias químicas básicas, abonos y plásticos primarios, caucho sintético y artificial | D57: 199.975 | E57: 181.788 | F57: 176.549 | G57: 269.384 | H57: 228.258 | I57: 226.88
B58: 42 | C58: Fabricación de otros productos químicos | D58: 446.644 | E58: 414.111 | F58: 357.103 | G58: 412.211 | H58: 430.333 | I58: 426.732
B59: 43 | C59: Fabricación de productos farmacéuticos y medicamentos | D59: 190.455 | E59: 187.143 | F59: 202.772 | G59: 235.872 | H59: 248.501 | I59: 242.1
B60: 44 | C60: Fabricación de productos de caucho | D60: 82.29 | E60: 81.446 | F60: 59.639 | G60: 72.046 | H60: 71.424 | I60: 69.214
... B71: 55 | C71: Industrias manufactureras n.c.p. | D71: 319.06 | E71: 315.023 | F71: 265.14 | G71: 307.6 | H71: 361.359 | I71: 386.498
B72: Total C -Manufactura de productos no alimenticios | D72: 7023.35 | E72: 6616.02 | F72: 5609.387 | G72: 6750.212 | H72: 6610.243 | I72: 6406.058
A73: C -Refinados de petroleo | B73: 40 | C73: Fabricación de productos refinados de petróleo y de otros | D73: 1464.344 | E73: 1182.995 | F73: 752.325 | G73: 794.739 | H73: 910.207 | I73: 632.039
B74: Total C -Refinados de petroleo | D74: 1464.344 | E74: 1182.995 | F74: 752.325 | G74: 794.739 | H74: 910.207 | I74: 632.039
A75: D-E -Suministro de electricidad y agua | B75: 56 | C75: Suministro de electricidad, gas, vapor y aire acondicionado | D75: 1425.173 | E75: 1525.305 | F75: 1548.883 | G75: 1576.783 | H75: 1662.257 | I75: 1820.636
B76: 57 | C76: Distribución de agua; alcantarillado, gestión de desechos y actividades de saneamiento | D76: 333.222 | E76: 364.608 | F76: 379.448 | G76: 328.404 | H76: 441.947 | I76: 433.084
B77: Total D-E -Suministro de electricidad y agua | D77: 1758.395 | E77: 1889.913 | F77: 1928.331 | G77: 1905.187 | H77: 2104.204 | I77: 2253.72
A78: F -Construcción | B78: 58 | C78: Construcción | D78: 5503.806 | E78: 4995.986 | F78: 3721.692 | G78: 4027.655 | H78: 4648.291 | I78: 4953.53
B79: Total F -Construcción | D79: 5503.806 | E79: 4995.986 | F79: 3721.692 | G79: 4027.655 | H79: 4648.291 | I79: 4953.53
A80: G -Comercio | B80: 59 | C80: Comercio al por mayor y al por menor; reparación de vehículos automotores y motocicletas | D80: 15248.874 | E80: 15676.772 | F80: 13396.08 | G80: 15696.924 | H80: 17433.281 | I80: 18599.924
B81: Total G -Comercio | D81: 15248.874 | E81: 15676.772 | F81: 13396.08 | G81: 15696.924 | H81: 17433.281 | I81: 18599.924
A82: H -Transporte y almacenamiento | B82: 60 | C82: Transporte y almacenamiento | D82: 5190.07 | E82: 5384.488 | F82: 4734.332 | G82: 5339.203 | H82: 4969.715 | I82: 5330.559
B83: 61 | C83: Actividades postales y de mensajería | D83: 165.458 | E83: 169.817 | F83: 145.01 | G83: 172.99 | H83: 144.46 | I83: 170.576
B84: Total H -Transporte y almacenamiento | D84: 5355.528 | E84: 5554.305 | F84: 4879.342 | G84: 5512.193 | H84: 5114.175 | I84: 5501.135
A85: I -Alojamiento y comidas | B85: 62 | C85: Actividades de alojamiento | D85: 395.502 | E85: 399.835 | F85: 314.255 | G85: 276.887 | H85: 292.943 | I85: 354.047
B86: 63 | C86: Servicio de alimento y bebida | D86: 1035.124 | E86: 1103.062 | F86: 906.527 | G86: 1087.341 | H86: 1079.26 | I86: 1145.605
B87: Total I -Alojamiento y comidas | D87: 1430.626 | E87: 1502.897 | F87: 1220.782 | G87: 1364.228 | H87: 1372.203 | I87: 1499.652
A88: J -Información y comunicación | B88: 64 | C88: Información y comunicación | D88: 2567.002 | E88: 2566.342 | F88: 2230.718 | G88: 2358.193 | H88: 2444.225 | I88: 2558.75
B89: Total J -Información y comunicación | D89: 2567.002 | E89: 2566.342 | F89: 2230.718 | G89: 2358.193 | H89: 2444.225 | I89: 2558.75
A90: K -Actividades financieras y de seguros | B90: 65 | C90: Actividades de servicios financieros, excepto las de seguros y fondos de pensiones | D90: 3323.745 | E90: 3380.472 | F90: 3525.491 | G90: 3709.495 | H90: 4390.979 | I90: 4508.334
B91: 66 | C91: Seguros, reaseguros y fondos de pensiones, excepto los planes de seguridad social de afiliación obligatoria | D91: 424.724 | E91: 432.174 | F91: 367.503 | G91: 276.208 | H91: 284.585 | I91: 472.559
B92: 67 | C92: Actividades auxiliares de las actividades de servicios financieros | D92: 268.605 | E92: 292.994 | F92: 225.637 | G92: 259.428 | H92: 285.312 | I92: 277.474
B93: Total K -Actividades financieras y de seguros | D93: 4017.074 | E93: 4105.64 | F93: 4118.631 | G93: 4245.131 | H93: 4960.876 | I93: 5258.367
A94: L -Actividades inmobiliarias | B94: 68 | C94: Actividades inmobiliarias | D94: 7316.735 | E94: 7313.5 | F94: 7294.523 | G94: 7442.912 | H94: 7470.399 | I94: 7708.15
B95: Total L -Actividades inmobiliarias | D95: 7316.735 | E95: 7313.5 | F95: 7294.523 | G95: 7442.912 | H95: 7470.399 | I95: 7708.15
A96: M - N -Actividades profesionales, técnicas | B96: 69 | C96: Actividades profesionales, científicas, técnicas y administrativas | D96: 7768.852 | E96: 7606.75 | F96: 6647.261 | G96: 7325.164 | H96: 7842.695 | I96: 8156.318
B97: Total M - N -Actividades profesionales, técnicas | D97: 7768.852 | E97: 7606.75 | F97: 6647.261 | G97: 7325.164 | H97: 7842.695 | I97: 8156.318
A98: O -Administración pública | B98: 70 | C98: Administración pública y defensa; planes de seguridad social de afiliación obligatoria | D98: 8020.002 | E98: 7958.633 | F98: 7739.747 | G98: 7857.818 | H98: 7985.098 | I98: 8296.924
B99: Total O -Administración pública | D99: 8020.002 | E99: 7958.633 | F99: 7739.747 | G99: 7857.818 | H99: 7985.098 | I99: 8296.924
A100: P -Enseñanza | B100: 71 | C100: Servicios de enseñanza privada | D100: 1574.291 | E100: 1628.824 | F100: 1566.661 | G100: 1670.023 | H100: 1705.703 | I100: 1717.896
B101: 72 | C101: Servicios de enseñanza pública (no de mercado) | D101: 3796.798 | E101: 3769.143 | F101: 3646.453 | G101: 3554.899 | H101: 3464.515 | I101: 3546.112
B102: Total P -Enseñanza | D102: 5371.089 | E102: 5397.967 | F102: 5213.114 | G102: 5224.922 | H102: 5170.218 | I102: 5264.008
A103: Q -Salud y asistencia social | B103: 73 | C103: Actividades de atención de la salud humana y de asistencia social privada | D103: 1416.272 | E103: 1472.318 | F103: 1424.216 | G103: 1718.648 | H103: 1840.855 | I103: 1967.811
B104: 74 | C104: Actividades de atención de la salud humana y de asistencia social no de mercado | D104: 2694.884 | E104: 2621.047 | F104: 2748.832 | G104: 3042.585 | H104: 2939.823 | I104: 2860.838
B105: Total Q -Salud y asistencia social | D105: 4111.156 | E105: 4093.365 | F105: 4173.048 | G105: 4761.233 | H105: 4780.678 | I105: 4828.649
A106: R - S - U -Arte, entretenimiento y otras actividades de servicios | B106: 75 | C106: Servicios de asociaciones, personales; esparcimiento; culturales y deportivos | D106: 1087.372 | E106: 1139.095 | F106: 980.885 | G106: 1121.407 | H106: 1163.965 | I106: 1150.748
B107: Total R - S - U -Arte, entretenimiento y otras actividades de servicios | D107: 1087.372 | E107: 1139.095 | F107: 980.885 | G107: 1121.407 | H107: 1163.965 | I107: 1150.748
A108: T -Actividades de los Hogares como empleadores | B108: 76 | C108: Actividades de los hogares como empleadores de personal doméstico | D108: 847.047 | E108: 963.467 | F108: 672.971 | G108: 734.561 | H108: 739.109 | I108: 819.5
B109: Total T -Actividades de los Hogares como empleadores | D109: 847.047 | E109: 963.467 | F109: 672.971 | G109: 734.561 | H109: 739.109 | I109: 819.5
A110: Valor Agregado Total | D110: 101468.15 | E110: 101952.17 | F110: 92319.922 | G110: 97912.213 | H110: 106362.29 | I110: 112703.7
A112: (p): provisional
A113: Elaboración: Banco Central del Ecuador | D113: 0 | E113: 0 | F113: 0

Sheet Deflactores
A10: Millones de USD
A11: corrientes y a precios del año anterior
A13: CIIU | B13: COD. | C13: Industria | D13: 2018 | E13: 2019 | F13: 2020 | G13: 2021 | H13: 2022 | I13: 2023 (p)
A14: A -Agricultura, ganadería y silvicultura | B14: 01 | C14: Cultivo de cereales (excepto arroz), legumbres y semillas oleaginosas | D14: =+'VAB corriente'!D14/'VAB constante'!D14*100 -> 100 | E14: =+'VAB corriente'!E14/'VAB constante'!E14*100 -> 99.577585 | F14: =+'VAB corriente'!F14/'VAB constante'!F14*100 -> 101.32772 | G14: =+'VAB corriente'!G14/'VAB constante'!G14*100 -> 99.903435 | H14: =+'VAB corriente'!H14/'VAB constante'!H14*100 -> 109.75861 | I14: =+'VAB corriente'!I14/'VAB constante'!I14*100 -> 106.38759
B15: 02 | C15: Cultivo de arroz | D15: =+'VAB corriente'!D15/'VAB constante'!D15*100 -> 100 | E15: =+'VAB corriente'!E15/'VAB constante'!E15*100 -> 113.01982 | F15: =+'VAB corriente'!F15/'VAB constante'!F15*100 -> 103.72357 | G15: =+'VAB corriente'!G15/'VAB constante'!G15*100 -> 69.604741 | H15: =+'VAB corriente'!H15/'VAB constante'!H15*100 -> 118.71175 | I15: =+'VAB corriente'!I15/'VAB constante'!I15*100 -> 136.00483
B16: 03 | C16: Cultivo de hortalizas y melones, raíces y tubérculos | D16: =+'VAB corriente'!D16/'VAB constante'!D16*100 -> 100 | E16: =+'VAB corriente'!E16/'VAB constante'!E16*100 -> 102.39068 | F16: =+'VAB corriente'!F16/'VAB constante'!F16*100 -> 95.661309 | G16: =+'VAB corriente'!G16/'VAB constante'!G16*100 -> 96.711824 | H16: =+'VAB corriente'!H16/'VAB constante'!H16*100 -> 105.89913 | I16: =+'VAB corriente'!I16/'VAB constante'!I16*100 -> 111.07435
B17: 04 | C17: Cultivo de caña de azúcar | D17: =+'VAB corriente'!D17/'VAB constante'!D17*100 -> 100 | E17: =+'VAB corriente'!E17/'VAB constante'!E17*100 -> 99.73499 | F17: =+'VAB corriente'!F17/'VAB constante'!F17*100 -> 87.796274 | G17: =+'VAB corriente'!G17/'VAB constante'!G17*100 -> 96.918664 | H17: =+'VAB corriente'!H17/'VAB constante'!H17*100 -> 91.485616 | I17: =+'VAB corriente'!I17/'VAB constante'!I17*100 -> 110.17309
B18: 05 | C18: Cultivos de frutas, y otros tipos de cultivos n.c.p. | D18: =+'VAB corriente'!D18/'VAB constante'!D18*100 -> 100 | E18: =+'VAB corriente'!E18/'VAB constante'!E18*100 -> 103.08551 | F18: =+'VAB corriente'!F18/'VAB constante'!F18*100 -> 100.02998 | G18: =+'VAB corriente'!G18/'VAB constante'!G18*100 -> 96.034788 | H18: =+'VAB corriente'!H18/'VAB constante'!H18*100 -> 99.765313 | I18: =+'VAB corriente'!I18/'VAB constante'!I18*100 -> 116.62495
B19: 06 | C19: Cultivo de otras plantas no perennes y propagación de plantas | D19: =+'VAB corriente'!D19/'VAB constante'!D19*100 -> 100 | E19: =+'VAB corriente'!E19/'VAB constante'!E19*100 -> 97.888164 | F19: =+'VAB corriente'!F19/'VAB constante'!F19*100 -> 95.24411 | G19: =+'VAB corriente'!G19/'VAB constante'!G19*100 -> 99.010367 | H19: =+'VAB corriente'!H19/'VAB constante'!H19*100 -> 102.09096 | I19: =+'VAB corriente'!I19/'VAB constante'!I19*100 -> 101.48422
B20: 07 | C20: Cultivo de frutos oleaginosos | D20: =+'VAB corriente'!D20/'VAB constante'!D20*100 -> 100 | E20: =+'VAB corriente'!E20/'VAB constante'!E20*100 -> 104.73095 | F20: =+'VAB corriente'!F20/'VAB constante'!F20*100 -> 111.9042 | G20: =+'VAB corriente'!G20/'VAB constante'!G20*100 -> 128.4068 | H20: =+'VAB corriente'!H20/'VAB constante'!H20*100 -> 105.25309 | I20: =+'VAB corriente'!I20/'VAB constante'!I20*100 -> 101.2022
B21: 08 | C21: Cultivo de plantas con las que se preparan bebidas | D21: =+'VAB corriente'!D21/'VAB constante'!D21*100 -> 100 | E21: =+'VAB corriente'!E21/'VAB constante'!E21*100 -> 108.02218 | F21: =+'VAB corriente'!F21/'VAB constante'!F21*100 -> 102.93681 | G21: =+'VAB corriente'!G21/'VAB constante'!G21*100 -> 97.686254 | H21: =+'VAB corriente'!H21/'VAB constante'!H21*100 -> 101.13734 | I21: =+'VAB corriente'!I21/'VAB constante'!I21*100 -> 139.97322
B22: 09 | C22: Actividades de apoyo a la agricultura, poscosecha y tratamiento de semillas para propagación | D22: =+'VAB corriente'!D22/'VAB constante'!D22*100 -> 100 | E22: =+'VAB corriente'!E22/'VAB constante'!E22*100 -> 101.25519 | F22: =+'VAB corriente'!F22/'VAB constante'!F22*100 -> 89.104794 | G22: =+'VAB corriente'!G22/'VAB constante'!G22*100 -> 103.37737 | H22: =+'VAB corriente'!H22/'VAB constante'!H22*100 -> 92.71944 | I22: =+'VAB corriente'!I22/'VAB constante'!I22*100 -> 98.767634
B23: 10 | C23: Ganadería | D23: =+'VAB corriente'!D23/'VAB constante'!D23*100 -> 100 | E23: =+'VAB corriente'!E23/'VAB constante'!E23*100 -> 102.42886 | F23: =+'VAB corriente'!F23/'VAB constante'!F23*100 -> 94.653575 | G23: =+'VAB corriente'!G23/'VAB constante'!G23*100 -> 106.86247 | H23: =+'VAB corriente'!H23/'VAB constante'!H23*100 -> 101.07501 | I23: =+'VAB corriente'!I23/'VAB constante'!I23*100 -> 110.9516
B24: 11 | C24: Silvicultura y extracción de madera | D24: =+'VAB corriente'!D24/'VAB constante'!D24*100 -> 100 | E24: =+'VAB corriente'!E24/'VAB constante'!E24*100 -> 100.44561 | F24: =+'VAB corriente'!F24/'VAB constante'!F24*100 -> 85.781537 | G24: =+'VAB corriente'!G24/'VAB constante'!G24*100 -> 106.92093 | H24: =+'VAB corriente'!H24/'VAB constante'!H24*100 -> 89.955763 | I24: =+'VAB corriente'!I24/'VAB constante'!I24*100 -> 91.133895
B25: Total A -Agricultura, ganadería y silvicultura | D25: =+'VAB corriente'!D25/'VAB constante'!D25*100 -> 100 | E25: =+'VAB corriente'!E25/'VAB constante'!E25*100 -> 102.3364 | F25: =+'VAB corriente'!F25/'VAB constante'!F25*100 -> 97.577182 | G25: =+'VAB corriente'!G25/'VAB constante'!G25*100 -> 99.348748 | H25: =+'VAB corriente'!H25/'VAB constante'!H25*100 -> 100.80898 | I25: =+'VAB corriente'!I25/'VAB constante'!I25*100 -> 112.94828
A26: A -Pesca y acuicultura | B26: 12 | C26: Pesca y acuicultura | D26: =+'VAB corriente'!D26/'VAB constante'!D26*100 -> 100 | E26: =+'VAB corriente'!E26/'VAB constante'!E26*100 -> 87.919061 | F26: =+'VAB corriente'!F26/'VAB constante'!F26*100 -> 88.164881 | G26: =+'VAB corriente'!G26/'VAB constante'!G26*100 -> 110.54298 | H26: =+'VAB corriente'!H26/'VAB constante'!H26*100 -> 77.352395 | I26: =+'VAB corriente'!I26/'VAB constante'!I26*100 -> 94.825806
B27: Total A -Pesca y acuicultura | D27: =+'VAB corriente'!D27/'VAB constante'!D27*100 -> 100 | E27: =+'VAB corriente'!E27/'VAB constante'!E27*100 -> 87.919061 | F27: =+'VAB corriente'!F27/'VAB constante'!F27*100 -> 88.164881 | G27: =+'VAB corriente'!G27/'VAB constante'!G27*100 -> 110.54298 | H27: =+'VAB corriente'!H27/'VAB constante'!H27*100 -> 77.352395 | I27: =+'VAB corriente'!I27/'VAB constante'!I27*100 -> 94.825806
A28: B -Explotación de minas y canteras | B28: 13 | C28: Servicios Petroleros - Explotación de otras minas y canteras, y actividades de apoyo | D28: =+'VAB corriente'!D28/'VAB constante'!D28*100 -> 100 | E28: =+'VAB corriente'!E28/'VAB constante'!E28*100 -> 114.27415 | F28: =+'VAB corriente'!F28/'VAB constante'!F28*100 -> 68.296196 | G28: =+'VAB corriente'!G28/'VAB constante'!G28*100 -> 142.41446 | H28: =+'VAB corriente'!H28/'VAB constante'!H28*100 -> 121.61713 | I28: =+'VAB corriente'!I28/'VAB constante'!I28*100 -> 89.021871
B29: 14 | C29: Extracción de petróleo crudo y gas natural | D29: =+'VAB corriente'!D29/'VAB constante'!D29*100 -> 100 | E29: =+'VAB corriente'!E29/'VAB constante'!E29*100 -> 81.665257 | F29: =+'VAB corriente'!F29/'VAB constante'!F29*100 -> 61.563484 | G29: =+'VAB corriente'!G29/'VAB constante'!G29*100 -> 190.10783 | H29: =+'VAB corriente'!H29/'VAB constante'!H29*100 -> 148.55989 | I29: =+'VAB corriente'!I29/'VAB constante'!I29*100 -> 73.034125
B30: 15 | C30: Extracción de minerales metalíferos | D30: =+'VAB corriente'!D30/'VAB constante'!D30*100 -> 100 | E30: =+'VAB corriente'!E30/'VAB constante'!E30*100 -> 101.04214 | F30: =+'VAB corriente'!F30/'VAB constante'!F30*100 -> 118.00102 | G30: =+'VAB corriente'!G30/'VAB constante'!G30*100 -> 138.48419 | H30: =+'VAB corriente'!H30/'VAB constante'!H30*100 -> 98.187611 | I30: =+'VAB corriente'!I30/'VAB constante'!I30*100 -> 119.73239
B31: 16 | C31: Explotación de otras minas y canteras, y actividades de apoyo | D31: =+'VAB corriente'!D31/'VAB constante'!D31*100 -> 100 | E31: =+'VAB corriente'!E31/'VAB constante'!E31*100 -> 100.36157 | F31: =+'VAB corriente'!F31/'VAB constante'!F31*100 -> 99.356299 | G31: =+'VAB corriente'!G31/'VAB constante'!G31*100 -> 102.42789 | H31: =+'VAB corriente'!H31/'VAB constante'!H31*100 -> 81.044054 | I31: =+'VAB corriente'!I31/'VAB constante'!I31*100 -> 135.47147
B32: Total B -Explotación de minas y canteras | D32: =+'VAB corriente'!D32/'VAB constante'!D32*100 -> 100 | E32: =+'VAB corriente'!E32/'VAB constante'!E32*100 -> 90.613787 | F32: =+'VAB corriente'!F32/'VAB constante'!F32*100 -> 68.144372 | G32: =+'VAB corriente'!G32/'VAB constante'!G32*100 -> 163.47108 | H32: =+'VAB corriente'!H32/'VAB constante'!H32*100 -> 131.43806 | I32: =+'VAB corriente'!I32/'VAB constante'!I32*100 -> 83.878975
A33: C -Manufactura de productos alimenticios | B33: 17 | C33: Elaboración y conservación de carne | D33: =+'VAB corriente'!D33/'VAB constante'!D33*100 -> 100 | E33: =+'VAB corriente'!E33/'VAB constante'!E33*100 -> 97.566523 | F33: =+'VAB corriente'!F33/'VAB constante'!F33*100 -> 99.130608 | G33: =+'VAB corriente'!G33/'VAB constante'!G33*100 -> 94.733341 | H33: =+'VAB corriente'!H33/'VAB constante'!H33*100 -> 96.250866 | I33: =+'VAB corriente'!I33/'VAB constante'!I33*100 -> 104.91801
B34: 18 | C34: Preparación y conservación de pescado y otros productos acuaticos elaborados | D34: =+'VAB corriente'!D34/'VAB constante'!D34*100 -> 100 | E34: =+'VAB corriente'!E34/'VAB constante'!E34*100 -> 96.115949 | F34: =+'VAB corriente'!F34/'VAB constante'!F34*100 -> 110.46869 | G34: =+'VAB corriente'!G34/'VAB constante'!G34*100 -> 75.823667 | H34: =+'VAB corriente'!H34/'VAB constante'!H34*100 -> 105.68708 | I34: =+'VAB corriente'!I34/'VAB constante'!I34*100 -> 113.99136
B35: 19 | C35: Procesamiento y conservación de camarón | D35: =+'VAB corriente'!D35/'VAB constante'!D35*100 -> 100 | E35: =+'VAB corriente'!E35/'VAB constante'!E35*100 -> 89.161157 | F35: =+'VAB corriente'!F35/'VAB constante'!F35*100 -> 110.33196 | G35: =+'VAB corriente'!G35/'VAB constante'!G35*100 -> 114.42664 | H35: =+'VAB corriente'!H35/'VAB constante'!H35*100 -> 122.10335 | I35: =+'VAB corriente'!I35/'VAB constante'!I35*100 -> 97.858337
B36: 20 | C36: Elaboración de aceites y grasas de origen vegetal y animal | D36: =+'VAB corriente'!D36/'VAB constante'!D36*100 -> 100 | E36: =+'VAB corriente'!E36/'VAB constante'!E36*100 -> 110.61719 | F36: =+'VAB corriente'!F36/'VAB constante'!F36*100 -> 96.537697 | G36: =+'VAB corriente'!G36/'VAB constante'!G36*100 -> 104.00156 | H36: =+'VAB corriente'!H36/'VAB constante'!H36*100 -> 127.93929 | I36: =+'VAB corriente'!I36/'VAB constante'!I36*100 -> 93.499965
B37: 21 | C37: Elaboración de productos lácteos | D37: =+'VAB corriente'!D37/'VAB constante'!D37*100 -> 100 | E37: =+'VAB corriente'!E37/'VAB constante'!E37*100 -> 88.122171 | F37: =+'VAB corriente'!F37/'VAB constante'!F37*100 -> 100.86056 | G37: =+'VAB corriente'!G37/'VAB constante'!G37*100 -> 94.62249 | H37: =+'VAB corriente'!H37/'VAB constante'!H37*100 -> 92.102451 | I37: =+'VAB corriente'!I37/'VAB constante'!I37*100 -> 118.08182
B38: 22 | C38: Elaboración de productos de la panadería y pastelería | D38: =+'VAB corriente'!D38/'VAB constante'!D38*100 -> 100 | E38: =+'VAB corriente'!E38/'VAB constante'!E38*100 -> 102.97084 | F38: =+'VAB corriente'!F38/'VAB constante'!F38*100 -> 98.404613 | G38: =+'VAB corriente'!G38/'VAB constante'!G38*100 -> 93.375672 | H38: =+'VAB corriente'!H38/'VAB constante'!H38*100 -> 99.31053 | I38: =+'VAB corriente'!I38/'VAB constante'!I38*100 -> 107.80231
B39: 23 | C39: Elaboración de productos de molinería | D39: =+'VAB corriente'!D39/'VAB constante'!D39*100 -> 100 | E39: =+'VAB corriente'!E39/'VAB constante'!E39*100 -> 99.214428 | F39: =+'VAB corriente'!F39/'VAB constante'!F39*100 -> 97.244093 | G39: =+'VAB corriente'!G39/'VAB constante'!G39*100 -> 91.621534 | H39: =+'VAB corriente'!H39/'VAB constante'!H39*100 -> 99.248731 | I39: =+'VAB corriente'!I39/'VAB constante'!I39*100 -> 120.66722
B40: 24 | C40: Elaboración y refinación de azúcar | D40: =+'VAB corriente'!D40/'VAB constante'!D40*100 -> 100 | E40: =+'VAB corriente'!E40/'VAB constante'!E40*100 -> 90.328517 | F40: =+'VAB corriente'!F40/'VAB constante'!F40*100 -> 90.409095 | G40: =+'VAB corriente'!G40/'VAB constante'!G40*100 -> 103.32224 | H40: =+'VAB corriente'!H40/'VAB constante'!H40*100 -> 110.56005 | I40: =+'VAB corriente'!I40/'VAB constante'!I40*100 -> 134.27279
B41: 25 | C41: Elaboración de cacao, chocolate y productos de confitería | D41: =+'VAB corriente'!D41/'VAB constante'!D41*100 -> 100 | E41: =+'VAB corriente'!E41/'VAB constante'!E41*100 -> 88.84129 | F41: =+'VAB corriente'!F41/'VAB constante'!F41*100 -> 81.828428 | G41: =+'VAB corriente'!G41/'VAB constante'!G41*100 -> 114.27705 | H41: =+'VAB corriente'!H41/'VAB constante'!H41*100 -> 96.523955 | I41: =+'VAB corriente'!I41/'VAB constante'!I41*100 -> 98.65326
B42: 26 | C42: Elaboración de fideos y de otros productos farináceos | D42: =+'VAB corriente'!D42/'VAB constante'!D42*100 -> 100 | E42: =+'VAB corriente'!E42/'VAB constante'!E42*100 -> 108.71889 | F42: =+'VAB corriente'!F42/'VAB constante'!F42*100 -> 104.11864 | G42: =+'VAB corriente'!G42/'VAB constante'!G42*100 -> 97.648196 | H42: =+'VAB corriente'!H42/'VAB constante'!H42*100 -> 105.78135 | I42: =+'VAB corriente'!I42/'VAB constante'!I42*100 -> 139.47284
B43: 27 | C43: Elaboración de café | D43: =+'VAB corriente'!D43/'VAB constante'!D43*100 -> 100 | E43: =+'VAB corriente'!E43/'VAB constante'!E43*100 -> 87.754666 | F43: =+'VAB corriente'!F43/'VAB constante'!F43*100 -> 118.1707 | G43: =+'VAB corriente'!G43/'VAB constante'!G43*100 -> 90.247934 | H43: =+'VAB corriente'!H43/'VAB constante'!H43*100 -> 90.363586 | I43: =+'VAB corriente'!I43/'VAB constante'!I43*100 -> 120.01017
B44: 28 | C44: Elaboración de alimentos preparados para animales | D44: =+'VAB corriente'!D44/'VAB constante'!D44*100 -> 100 | E44: =+'VAB corriente'!E44/'VAB constante'!E44*100 -> 105.73619 | F44: =+'VAB corriente'!F44/'VAB constante'!F44*100 -> 108.27055 | G44: =+'VAB corriente'!G44/'VAB constante'!G44*100 -> 89.250625 | H44: =+'VAB corriente'!H44/'VAB constante'!H44*100 -> 86.504265 | I44: =+'VAB corriente'!I44/'VAB constante'!I44*100 -> 106.13291
B45: 29 | C45: Elaboración de otros productos alimenticios diversos | D45: =+'VAB corriente'!D45/'VAB constante'!D45*100 -> 100 | E45: =+'VAB corriente'!E45/'VAB constante'!E45*100 -> 106.04207 | F45: =+'VAB corriente'!F45/'VAB constante'!F45*100 -> 107.95318 | G45: =+'VAB corriente'!G45/'VAB constante'!G45*100 -> 100.89566 | H45: =+'VAB corriente'!H45/'VAB constante'!H45*100 -> 100.86374 | I45: =+'VAB corriente'!I45/'VAB constante'!I45*100 -> 114.98046
B46: 30 | C46: Elaboración bebidas no alcohólicas (jugos) | D46: =+'VAB corriente'!D46/'VAB constante'!D46*100 -> 100 | E46: =+'VAB corriente'!E46/'VAB constante'!E46*100 -> 83.92015 | F46: =+'VAB corriente'!F46/'VAB constante'!F46*100 -> 103.83366 | G46: =+'VAB corriente'!G46/'VAB constante'!G46*100 -> 83.920583 | H46: =+'VAB corriente'!H46/'VAB constante'!H46*100 -> 116.04983 | I46: =+'VAB corriente'!I46/'VAB constante'!I46*100 -> 106.29478
B47: Total C -Manufactura de productos alimenticios | D47: =+'VAB corriente'!D47/'VAB constante'!D47*100 -> 100 | E47: =+'VAB corriente'!E47/'VAB constante'!E47*100 -> 95.923866 | F47: =+'VAB corriente'!F47/'VAB constante'!F47*100 -> 103.37961 | G47: =+'VAB corriente'!G47/'VAB constante'!G47*100 -> 98.052919 | H47: =+'VAB corriente'!H47/'VAB constante'!H47*100 -> 106.84288 | I47: =+'VAB corriente'!I47/'VAB constante'!I47*100 -> 106.20255
A48: C -Manufactura de productos no alimenticios | B48: 31 | C48: Elaboración bebidas no alcohólicas (excepto jugos) | D48: =+'VAB corriente'!D48/'VAB constante'!D48*100 -> 100 | E48: =+'VAB corriente'!E48/'VAB constante'!E48*100 -> 89.61703 | F48: =+'VAB corriente'!F48/'VAB constante'!F48*100 -> 101.84253 | G48: =+'VAB corriente'!G48/'VAB constante'!G48*100 -> 91.147647 | H48: =+'VAB corriente'!H48/'VAB constante'!H48*100 -> 93.697866 | I48: =+'VAB corriente'!I48/'VAB constante'!I48*100 -> 112.03801
B49: 32 | C49: Elaboración bebidas alcohólicas | D49: =+'VAB corriente'!D49/'VAB constante'!D49*100 -> 100 | E49: =+'VAB corriente'!E49/'VAB constante'!E49*100 -> 93.653225 | F49: =+'VAB corriente'!F49/'VAB constante'!F49*100 -> 89.901676 | G49: =+'VAB corriente'!G49/'VAB constante'!G49*100 -> 114.28206 | H49: =+'VAB corriente'!H49/'VAB constante'!H49*100 -> 88.892296 | I49: =+'VAB corriente'!I49/'VAB constante'!I49*100 -> 97.291778
B50: 33 | C50: Elaboración de productos de tabaco | D50: =+'VAB corriente'!D50/'VAB constante'!D50*100 -> 100 | E50: =+'VAB corriente'!E50/'VAB constante'!E50*100 -> 85.086422 | F50: =+'VAB corriente'!F50/'VAB constante'!F50*100 -> 109.01821 | G50: =+'VAB corriente'!G50/'VAB constante'!G50*100 -> 15.063398 | H50: =+'VAB corriente'!H50/'VAB constante'!H50*100 -> #DIV/0! | I50: =+'VAB corriente'!I50/'VAB constante'!I50*100 -> #DIV/0!
B51: 34 | C51: Fabricación de hilos, hilados; tejidos y confecciones | D51: =+'VAB corriente'!D51/'VAB constante'!D51*100 -> 100 | E51: =+'VAB corriente'!E51/'VAB constante'!E51*100 -> 105.47991 | F51: =+'VAB corriente'!F51/'VAB constante'!F51*100 -> 93.455428 | G51: =+'VAB corriente'!G51/'VAB constante'!G51*100 -> 92.665268 | H51: =+'VAB corriente'!H51/'VAB constante'!H51*100 -> 102.23341 | I51: =+'VAB corriente'!I51/'VAB constante'!I51*100 -> 112.59072
B52: 35 | C52: Fabricación de prendas de vestir | D52: =+'VAB corriente'!D52/'VAB constante'!D52*100 -> 100 | E52: =+'VAB corriente'!E52/'VAB constante'!E52*100 -> 99.667913 | F52: =+'VAB corriente'!F52/'VAB constante'!F52*100 -> 99.634777 | G52: =+'VAB corriente'!G52/'VAB constante'!G52*100 -> 91.13401 | H52: =+'VAB corriente'!H52/'VAB constante'!H52*100 -> 98.892579 | I52: =+'VAB corriente'!I52/'VAB constante'!I52*100 -> 109.28698
B53: 36 | C53: Fabricación de cuero, productos de cuero y calzado | D53: =+'VAB corriente'!D53/'VAB constante'!D53*100 -> 100 | E53: =+'VAB corriente'!E53/'VAB constante'!E53*100 -> 97.675902 | F53: =+'VAB corriente'!F53/'VAB constante'!F53*100 -> 87.61694 | G53: =+'VAB corriente'!G53/'VAB constante'!G53*100 -> 84.676117 | H53: =+'VAB corriente'!H53/'VAB constante'!H53*100 -> 100.84375 | I53: =+'VAB corriente'!I53/'VAB constante'!I53*100 -> 106.20375
B54: 37 | C54: Producción de madera y de productos de madera | D54: =+'VAB corriente'!D54/'VAB constante'!D54*100 -> 100 | E54: =+'VAB corriente'!E54/'VAB constante'!E54*100 -> 111.02752 | F54: =+'VAB corriente'!F54/'VAB constante'!F54*100 -> 121.15844 | G54: =+'VAB corriente'!G54/'VAB constante'!G54*100 -> 89.119954 | H54: =+'VAB corriente'!H54/'VAB constante'!H54*100 -> 106.1504 | I54: =+'VAB corriente'!I54/'VAB constante'!I54*100 -> 100.16531
B55: 38 | C55: Fabricación de papel y productos de papel | D55: =+'VAB corriente'!D55/'VAB constante'!D55*100 -> 100 | E55: =+'VAB corriente'!E55/'VAB constante'!E55*100 -> 99.779461 | F55: =+'VAB corriente'!F55/'VAB constante'!F55*100 -> 101.11093 | G55: =+'VAB corriente'!G55/'VAB constante'!G55*100 -> 89.605702 | H55: =+'VAB corriente'!H55/'VAB constante'!H55*100 -> 105.59949 | I55: =+'VAB corriente'!I55/'VAB constante'!I55*100 -> 88.557715
B56: 39 | C56: Impresión y reproducción de grabaciones | D56: =+'VAB corriente'!D56/'VAB constante'!D56*100 -> 100 | E56: =+'VAB corriente'!E56/'VAB constante'!E56*100 -> 102.13224 | F56: =+'VAB corriente'!F56/'VAB constante'!F56*100 -> 97.829249 | G56: =+'VAB corriente'!G56/'VAB constante'!G56*100 -> 86.039354 | H56: =+'VAB corriente'!H56/'VAB constante'!H56*100 -> 97.815365 | I56: =+'VAB corriente'!I56/'VAB constante'!I56*100 -> 136.11617
B57: 41 | C57: Fabricación de sustancias químicas básicas, abonos y plásticos primarios, caucho sintético y artificial | D57: =+'VAB corriente'!D57/'VAB constante'!D57*100 -> 100 | E57: =+'VAB corriente'!E57/'VAB constante'!E57*100 -> 107.61876 | F57: =+'VAB corriente'!F57/'VAB constante'!F57*100 -> 118.61126 | G57: =+'VAB corriente'!G57/'VAB constante'!G57*100 -> 89.091037 | H57: =+'VAB corriente'!H57/'VAB constante'!H57*100 -> 100.60283 | I57: =+'VAB corriente'!I57/'VAB constante'!I57*100 -> 102.87288
B58: 42 | C58: Fabricación de otros productos químicos | D58: =+'VAB corriente'!D58/'VAB constante'!D58*100 -> 100 | E58: =+'VAB corriente'!E58/'VAB constante'!E58*100 -> 99.431553 | F58: =+'VAB corriente'!F58/'VAB constante'!F58*100 -> 101.93082 | G58: =+'VAB corriente'!G58/'VAB constante'!G58*100 -> 100.1834 | H58: =+'VAB corriente'!H58/'VAB constante'!H58*100 -> 101.0048 | I58: =+'VAB corriente'!I58/'VAB constante'!I58*100 -> 99.157551
B59: 43 | C59: Fabricación de productos farmacéuticos y medicamentos | D59: =+'VAB corriente'!D59/'VAB constante'!D59*100 -> 100 | E59: =+'VAB corriente'!E59/'VAB constante'!E59*100 -> 105.55297 | F59: =+'VAB corriente'!F59/'VAB constante'!F59*100 -> 107.57501 | G59: =+'VAB corriente'!G59/'VAB constante'!G59*100 -> 103.97589 | H59: =+'VAB corriente'!H59/'VAB constante'!H59*100 -> 97.923952 | I59: =+'VAB corriente'!I59/'VAB constante'!I59*100 -> 100.32259
B60: 44 | C60: Fabricación de productos de caucho | D60: =+'VAB corriente'!D60/'VAB constante'!D60*100 -> 100 | E60: =+'VAB corriente'!E60/'VAB constante'!E60*100 -> 92.200968 | F60: =+'VAB corriente'!F60/'VAB constante'!F60*100 -> 92.546823 | G60: =+'VAB corriente'!G60/'VAB constante'!G60*100 -> 90.90581 | H60: =+'VAB corriente'!H60/'VAB constante'!H60*100 -> 106.05259 | I60: =+'VAB corriente'!I60/'VAB constante'!I60*100 -> 127.00032
... B71: 55 | C71: Industrias manufactureras n.c.p. | D71: =+'VAB corriente'!D71/'VAB constante'!D71*100 -> 100 | E71: =+'VAB corriente'!E71/'VAB constante'!E71*100 -> 101.54528 | F71: =+'VAB corriente'!F71/'VAB constante'!F71*100 -> 94.943803 | G71: =+'VAB corriente'!G71/'VAB constante'!G71*100 -> 110.86476 | H71: =+'VAB corriente'!H71/'VAB constante'!H71*100 -> 103.71237 | I71: =+'VAB corriente'!I71/'VAB constante'!I71*100 -> 109.95244
B72: Total C -Manufactura de productos no alimenticios | D72: =+'VAB corriente'!D72/'VAB constante'!D72*100 -> 100 | E72: =+'VAB corriente'!E72/'VAB constante'!E72*100 -> 101.46912 | F72: =+'VAB corriente'!F72/'VAB constante'!F72*100 -> 101.69568 | G72: =+'VAB corriente'!G72/'VAB constante'!G72*100 -> 94.903686 | H72: =+'VAB corriente'!H72/'VAB constante'!H72*100 -> 97.581708 | I72: =+'VAB corriente'!I72/'VAB constante'!I72*100 -> 109.7545
A73: C -Refinados de petroleo | B73: 40 | C73: Fabricación de productos refinados de petróleo y de otros | D73: =+'VAB corriente'!D73/'VAB constante'!D73*100 -> 100 | E73: =+'VAB corriente'!E73/'VAB constante'!E73*100 -> 78.77827 | F73: =+'VAB corriente'!F73/'VAB constante'!F73*100 -> 88.655701 | G73: =+'VAB corriente'!G73/'VAB constante'!G73*100 -> 120.22488 | H73: =+'VAB corriente'!H73/'VAB constante'!H73*100 -> 73.019214 | I73: =+'VAB corriente'!I73/'VAB constante'!I73*100 -> 100.24856
B74: Total C -Refinados de petroleo | D74: =+'VAB corriente'!D74/'VAB constante'!D74*100 -> 100 | E74: =+'VAB corriente'!E74/'VAB constante'!E74*100 -> 78.77827 | F74: =+'VAB corriente'!F74/'VAB constante'!F74*100 -> 88.655701 | G74: =+'VAB corriente'!G74/'VAB constante'!G74*100 -> 120.22488 | H74: =+'VAB corriente'!H74/'VAB constante'!H74*100 -> 73.019214 | I74: =+'VAB corriente'!I74/'VAB constante'!I74*100 -> 100.24856
A75: D-E -Suministro de electricidad y agua | B75: 56 | C75: Suministro de electricidad, gas, vapor y aire acondicionado | D75: =+'VAB corriente'!D75/'VAB constante'!D75*100 -> 100 | E75: =+'VAB corriente'!E75/'VAB constante'!E75*100 -> 105.45563 | F75: =+'VAB corriente'!F75/'VAB constante'!F75*100 -> 97.646885 | G75: =+'VAB corriente'!G75/'VAB constante'!G75*100 -> 101.56718 | H75: =+'VAB corriente'!H75/'VAB constante'!H75*100 -> 101.16703 | I75: =+'VAB corriente'!I75/'VAB constante'!I75*100 -> 85.081807
B76: 57 | C76: Distribución de agua; alcantarillado, gestión de desechos y actividades de saneamiento | D76: =+'VAB corriente'!D76/'VAB constante'!D76*100 -> 100 | E76: =+'VAB corriente'!E76/'VAB constante'!E76*100 -> 106.55992 | F76: =+'VAB corriente'!F76/'VAB constante'!F76*100 -> 84.656923 | G76: =+'VAB corriente'!G76/'VAB constante'!G76*100 -> 126.19274 | H76: =+'VAB corriente'!H76/'VAB constante'!H76*100 -> 101.34971 | I76: =+'VAB corriente'!I76/'VAB constante'!I76*100 -> 114.08387
B77: Total D-E -Suministro de electricidad y agua | D77: =+'VAB corriente'!D77/'VAB constante'!D77*100 -> 100 | E77: =+'VAB corriente'!E77/'VAB constante'!E77*100 -> 105.66867 | F77: =+'VAB corriente'!F77/'VAB constante'!F77*100 -> 95.090781 | G77: =+'VAB corriente'!G77/'VAB constante'!G77*100 -> 105.81198 | H77: =+'VAB corriente'!H77/'VAB constante'!H77*100 -> 101.2054 | I77: =+'VAB corriente'!I77/'VAB constante'!I77*100 -> 90.654962
A78: F -Construcción | B78: 58 | C78: Construcción | D78: =+'VAB corriente'!D78/'VAB constante'!D78*100 -> 100 | E78: =+'VAB corriente'!E78/'VAB constante'!E78*100 -> 102.57389 | F78: =+'VAB corriente'!F78/'VAB constante'!F78*100 -> 97.220968 | G78: =+'VAB corriente'!G78/'VAB constante'!G78*100 -> 107.39686 | H78: =+'VAB corriente'!H78/'VAB constante'!H78*100 -> 108.17804 | I78: =+'VAB corriente'!I78/'VAB constante'!I78*100 -> 103.89716
B79: Total F -Construcción | D79: =+'VAB corriente'!D79/'VAB constante'!D79*100 -> 100 | E79: =+'VAB corriente'!E79/'VAB constante'!E79*100 -> 102.57389 | F79: =+'VAB corriente'!F79/'VAB constante'!F79*100 -> 97.220968 | G79: =+'VAB corriente'!G79/'VAB constante'!G79*100 -> 107.39686 | H79: =+'VAB corriente'!H79/'VAB constante'!H79*100 -> 108.17804 | I79: =+'VAB corriente'!I79/'VAB constante'!I79*100 -> 103.89716
A80: G -Comercio | B80: 59 | C80: Comercio al por mayor y al por menor; reparación de vehículos automotores y motocicletas | D80: =+'VAB corriente'!D80/'VAB constante'!D80*100 -> 100 | E80: =+'VAB corriente'!E80/'VAB constante'!E80*100 -> 97.447906 | F80: =+'VAB corriente'!F80/'VAB constante'!F80*100 -> 101.54026 | G80: =+'VAB corriente'!G80/'VAB constante'!G80*100 -> 103.39701 | H80: =+'VAB corriente'!H80/'VAB constante'!H80*100 -> 104.30509 | I80: =+'VAB corriente'!I80/'VAB constante'!I80*100 -> 100.10934
B81: Total G -Comercio | D81: =+'VAB corriente'!D81/'VAB constante'!D81*100 -> 100 | E81: =+'VAB corriente'!E81/'VAB constante'!E81*100 -> 97.447906 | F81: =+'VAB corriente'!F81/'VAB constante'!F81*100 -> 101.54026 | G81: =+'VAB corriente'!G81/'VAB constante'!G81*100 -> 103.39701 | H81: =+'VAB corriente'!H81/'VAB constante'!H81*100 -> 104.30509 | I81: =+'VAB corriente'!I81/'VAB constante'!I81*100 -> 100.10934
A82: H -Transporte y almacenamiento | B82: 60 | C82: Transporte y almacenamiento | D82: =+'VAB corriente'!D82/'VAB constante'!D82*100 -> 100 | E82: =+'VAB corriente'!E82/'VAB constante'!E82*100 -> 100.60106 | F82: =+'VAB corriente'!F82/'VAB constante'!F82*100 -> 99.439942 | G82: =+'VAB corriente'!G82/'VAB constante'!G82*100 -> 90.322301 | H82: =+'VAB corriente'!H82/'VAB constante'!H82*100 -> 102.73831 | I82: =+'VAB corriente'!I82/'VAB constante'!I82*100 -> 102.70309
B83: 61 | C83: Actividades postales y de mensajería | D83: =+'VAB corriente'!D83/'VAB constante'!D83*100 -> 100 | E83: =+'VAB corriente'!E83/'VAB constante'!E83*100 -> 99.415842 | F83: =+'VAB corriente'!F83/'VAB constante'!F83*100 -> 105.58513 | G83: =+'VAB corriente'!G83/'VAB constante'!G83*100 -> 96.058154 | H83: =+'VAB corriente'!H83/'VAB constante'!H83*100 -> 114.02949 | I83: =+'VAB corriente'!I83/'VAB constante'!I83*100 -> 93.089884
B84: Total H -Transporte y almacenamiento | D84: =+'VAB corriente'!D84/'VAB constante'!D84*100 -> 100 | E84: =+'VAB corriente'!E84/'VAB constante'!E84*100 -> 100.56482 | F84: =+'VAB corriente'!F84/'VAB constante'!F84*100 -> 99.622572 | G84: =+'VAB corriente'!G84/'VAB constante'!G84*100 -> 90.50231 | H84: =+'VAB corriente'!H84/'VAB constante'!H84*100 -> 103.05725 | I84: =+'VAB corriente'!I84/'VAB constante'!I84*100 -> 102.40501
A85: I -Alojamiento y comidas | B85: 62 | C85: Actividades de alojamiento | D85: =+'VAB corriente'!D85/'VAB constante'!D85*100 -> 100 | E85: =+'VAB corriente'!E85/'VAB constante'!E85*100 -> 100.008 | F85: =+'VAB corriente'!F85/'VAB constante'!F85*100 -> 71.903709 | G85: =+'VAB corriente'!G85/'VAB constante'!G85*100 -> 99.394699 | H85: =+'VAB corriente'!H85/'VAB constante'!H85*100 -> 112.9148 | I85: =+'VAB corriente'!I85/'VAB constante'!I85*100 -> 99.057187
B86: 63 | C86: Servicio de alimento y bebida | D86: =+'VAB corriente'!D86/'VAB constante'!D86*100 -> 100 | E86: =+'VAB corriente'!E86/'VAB constante'!E86*100 -> 101.60662 | F86: =+'VAB corriente'!F86/'VAB constante'!F86*100 -> 99.539341 | G86: =+'VAB corriente'!G86/'VAB constante'!G86*100 -> 93.944218 | H86: =+'VAB corriente'!H86/'VAB constante'!H86*100 -> 96.551989 | I86: =+'VAB corriente'!I86/'VAB constante'!I86*100 -> 108.47639
B87: Total I -Alojamiento y comidas | D87: =+'VAB corriente'!D87/'VAB constante'!D87*100 -> 100 | E87: =+'VAB corriente'!E87/'VAB constante'!E87*100 -> 101.18132 | F87: =+'VAB corriente'!F87/'VAB constante'!F87*100 -> 92.425347 | G87: =+'VAB corriente'!G87/'VAB constante'!G87*100 -> 95.050461 | H87: =+'VAB corriente'!H87/'VAB constante'!H87*100 -> 100.04518 | I87: =+'VAB corriente'!I87/'VAB constante'!I87*100 -> 106.25265
A88: J -Información y comunicación | B88: 64 | C88: Información y comunicación | D88: =+'VAB corriente'!D88/'VAB constante'!D88*100 -> 100 | E88: =+'VAB corriente'!E88/'VAB constante'!E88*100 -> 96.868266 | F88: =+'VAB corriente'!F88/'VAB constante'!F88*100 -> 103.56271 | G88: =+'VAB corriente'!G88/'VAB constante'!G88*100 -> 97.961108 | H88: =+'VAB corriente'!H88/'VAB constante'!H88*100 -> 101.59834 | I88: =+'VAB corriente'!I88/'VAB constante'!I88*100 -> 96.515916
B89: Total J -Información y comunicación | D89: =+'VAB corriente'!D89/'VAB constante'!D89*100 -> 100 | E89: =+'VAB corriente'!E89/'VAB constante'!E89*100 -> 96.868266 | F89: =+'VAB corriente'!F89/'VAB constante'!F89*100 -> 103.56271 | G89: =+'VAB corriente'!G89/'VAB constante'!G89*100 -> 97.961108 | H89: =+'VAB corriente'!H89/'VAB constante'!H89*100 -> 101.59834 | I89: =+'VAB corriente'!I89/'VAB constante'!I89*100 -> 96.515916
A90: K -Actividades financieras y de seguros | B90: 65 | C90: Actividades de servicios financieros, excepto las de seguros y fondos de pensiones | D90: =+'VAB corriente'!D90/'VAB constante'!D90*100 -> 100 | E90: =+'VAB corriente'!E90/'VAB constante'!E90*100 -> 101.6385 | F90: =+'VAB corriente'!F90/'VAB constante'!F90*100 -> 94.874501 | G90: =+'VAB corriente'!G90/'VAB constante'!G90*100 -> 101.59801 | H90: =+'VAB corriente'!H90/'VAB constante'!H90*100 -> 101.85376 | I90: =+'VAB corriente'!I90/'VAB constante'!I90*100 -> 103.30324
B91: 66 | C91: Seguros, reaseguros y fondos de pensiones, excepto los planes de seguridad social de afiliación obligatoria | D91: =+'VAB corriente'!D91/'VAB constante'!D91*100 -> 100 | E91: =+'VAB corriente'!E91/'VAB constante'!E91*100 -> 103.33292 | F91: =+'VAB corriente'!F91/'VAB constante'!F91*100 -> 106.53491 | G91: =+'VAB corriente'!G91/'VAB constante'!G91*100 -> 99.980087 | H91: =+'VAB corriente'!H91/'VAB constante'!H91*100 -> 100.09382 | I91: =+'VAB corriente'!I91/'VAB constante'!I91*100 -> 99.737811
B92: 67 | C92: Actividades auxiliares de las actividades de servicios financieros | D92: =+'VAB corriente'!D92/'VAB constante'!D92*100 -> 100 | E92: =+'VAB corriente'!E92/'VAB constante'!E92*100 -> 97.432029 | F92: =+'VAB corriente'!F92/'VAB constante'!F92*100 -> 103.68069 | G92: =+'VAB corriente'!G92/'VAB constante'!G92*100 -> 102.03872 | H92: =+'VAB corriente'!H92/'VAB constante'!H92*100 -> 100.55939 | I92: =+'VAB corriente'!I92/'VAB constante'!I92*100 -> 110.60928
B93: Total K -Actividades financieras y de seguros | D93: =+'VAB corriente'!D93/'VAB constante'!D93*100 -> 100 | E93: =+'VAB corriente'!E93/'VAB constante'!E93*100 -> 101.51667 | F93: =+'VAB corriente'!F93/'VAB constante'!F93*100 -> 96.397395 | G93: =+'VAB corriente'!G93/'VAB constante'!G93*100 -> 101.51967 | H93: =+'VAB corriente'!H93/'VAB constante'!H93*100 -> 101.67835 | I93: =+'VAB corriente'!I93/'VAB constante'!I93*100 -> 103.36835
A94: L -Actividades inmobiliarias | B94: 68 | C94: Actividades inmobiliarias | D94: =+'VAB corriente'!D94/'VAB constante'!D94*100 -> 100 | E94: =+'VAB corriente'!E94/'VAB constante'!E94*100 -> 100.96381 | F94: =+'VAB corriente'!F94/'VAB constante'!F94*100 -> 99.754652 | G94: =+'VAB corriente'!G94/'VAB constante'!G94*100 -> 95.486122 | H94: =+'VAB corriente'!H94/'VAB constante'!H94*100 -> 99.542019 | I94: =+'VAB corriente'!I94/'VAB constante'!I94*100 -> 101.81295
B95: Total L -Actividades inmobiliarias | D95: =+'VAB corriente'!D95/'VAB constante'!D95*100 -> 100 | E95: =+'VAB corriente'!E95/'VAB constante'!E95*100 -> 100.96381 | F95: =+'VAB corriente'!F95/'VAB constante'!F95*100 -> 99.754652 | G95: =+'VAB corriente'!G95/'VAB constante'!G95*100 -> 95.486122 | H95: =+'VAB corriente'!H95/'VAB constante'!H95*100 -> 99.542019 | I95: =+'VAB corriente'!I95/'VAB constante'!I95*100 -> 101.81295
A96: M - N -Actividades profesionales, técnicas | B96: 69 | C96: Actividades profesionales, científicas, técnicas y administrativas | D96: =+'VAB corriente'!D96/'VAB constante'!D96*100 -> 100 | E96: =+'VAB corriente'!E96/'VAB constante'!E96*100 -> 101.88772 | F96: =+'VAB corriente'!F96/'VAB constante'!F96*100 -> 101.26581 | G96: =+'VAB corriente'!G96/'VAB constante'!G96*100 -> 99.797411 | H96: =+'VAB corriente'!H96/'VAB constante'!H96*100 -> 100.99748 | I96: =+'VAB corriente'!I96/'VAB constante'!I96*100 -> 105.30502
B97: Total M - N -Actividades profesionales, técnicas | D97: =+'VAB corriente'!D97/'VAB constante'!D97*100 -> 100 | E97: =+'VAB corriente'!E97/'VAB constante'!E97*100 -> 101.88772 | F97: =+'VAB corriente'!F97/'VAB constante'!F97*100 -> 101.26581 | G97: =+'VAB corriente'!G97/'VAB constante'!G97*100 -> 99.797411 | H97: =+'VAB corriente'!H97/'VAB constante'!H97*100 -> 100.99748 | I97: =+'VAB corriente'!I97/'VAB constante'!I97*100 -> 105.30502
A98: O -Administración pública | B98: 70 | C98: Administración pública y defensa; planes de seguridad social de afiliación obligatoria | D98: =+'VAB corriente'!D98/'VAB constante'!D98*100 -> 100 | E98: =+'VAB corriente'!E98/'VAB constante'!E98*100 -> 100.55942 | F98: =+'VAB corriente'!F98/'VAB constante'!F98*100 -> 102.78425 | G98: =+'VAB corriente'!G98/'VAB constante'!G98*100 -> 100.29894 | H98: =+'VAB corriente'!H98/'VAB constante'!H98*100 -> 103.34363 | I98: =+'VAB corriente'!I98/'VAB constante'!I98*100 -> 102.0645
B99: Total O -Administración pública | D99: =+'VAB corriente'!D99/'VAB constante'!D99*100 -> 100 | E99: =+'VAB corriente'!E99/'VAB constante'!E99*100 -> 100.55942 | F99: =+'VAB corriente'!F99/'VAB constante'!F99*100 -> 102.78425 | G99: =+'VAB corriente'!G99/'VAB constante'!G99*100 -> 100.29894 | H99: =+'VAB corriente'!H99/'VAB constante'!H99*100 -> 103.34363 | I99: =+'VAB corriente'!I99/'VAB constante'!I99*100 -> 102.0645
A100: P -Enseñanza | B100: 71 | C100: Servicios de enseñanza privada | D100: =+'VAB corriente'!D100/'VAB constante'!D100*100 -> 100 | E100: =+'VAB corriente'!E100/'VAB constante'!E100*100 -> 103.49731 | F100: =+'VAB corriente'!F100/'VAB constante'!F100*100 -> 103.31239 | G100: =+'VAB corriente'!G100/'VAB constante'!G100*100 -> 95.467248 | H100: =+'VAB corriente'!H100/'VAB constante'!H100*100 -> 96.03319 | I100: =+'VAB corriente'!I100/'VAB constante'!I100*100 -> 101.29664
B101: 72 | C101: Servicios de enseñanza pública (no de mercado) | D101: =+'VAB corriente'!D101/'VAB constante'!D101*100 -> 100 | E101: =+'VAB corriente'!E101/'VAB constante'!E101*100 -> 99.872464 | F101: =+'VAB corriente'!F101/'VAB constante'!F101*100 -> 94.125387 | G101: =+'VAB corriente'!G101/'VAB constante'!G101*100 -> 98.171256 | H101: =+'VAB corriente'!H101/'VAB constante'!H101*100 -> 103.31795 | I101: =+'VAB corriente'!I101/'VAB constante'!I101*100 -> 112.32553
B102: Total P -Enseñanza | D102: =+'VAB corriente'!D102/'VAB constante'!D102*100 -> 100 | E102: =+'VAB corriente'!E102/'VAB constante'!E102*100 -> 100.96625 | F102: =+'VAB corriente'!F102/'VAB constante'!F102*100 -> 96.886295 | G102: =+'VAB corriente'!G102/'VAB constante'!G102*100 -> 97.306984 | H102: =+'VAB corriente'!H102/'VAB constante'!H102*100 -> 100.91464 | I102: =+'VAB corriente'!I102/'VAB constante'!I102*100 -> 108.72628
A103: Q -Salud y asistencia social | B103: 73 | C103: Actividades de atención de la salud humana y de asistencia social privada | D103: =+'VAB corriente'!D103/'VAB constante'!D103*100 -> 100 | E103: =+'VAB corriente'!E103/'VAB constante'!E103*100 -> 103.32876 | F103: =+'VAB corriente'!F103/'VAB constante'!F103*100 -> 99.95745 | G103: =+'VAB corriente'!G103/'VAB constante'!G103*100 -> 100.47497 | H103: =+'VAB corriente'!H103/'VAB constante'!H103*100 -> 103.2392 | I103: =+'VAB corriente'!I103/'VAB constante'!I103*100 -> 98.03472
B104: 74 | C104: Actividades de atención de la salud humana y de asistencia social no de mercado | D104: =+'VAB corriente'!D104/'VAB constante'!D104*100 -> 100 | E104: =+'VAB corriente'!E104/'VAB constante'!E104*100 -> 103.63935 | F104: =+'VAB corriente'!F104/'VAB constante'!F104*100 -> 101.5054 | G104: =+'VAB corriente'!G104/'VAB constante'!G104*100 -> 86.108819 | H104: =+'VAB corriente'!H104/'VAB constante'!H104*100 -> 89.656418 | I104: =+'VAB corriente'!I104/'VAB constante'!I104*100 -> 94.929563
B105: Total Q -Salud y asistencia social | D105: =+'VAB corriente'!D105/'VAB constante'!D105*100 -> 100 | E105: =+'VAB corriente'!E105/'VAB constante'!E105*100 -> 103.52764 | F105: =+'VAB corriente'!F105/'VAB constante'!F105*100 -> 100.9771 | G105: =+'VAB corriente'!G105/'VAB constante'!G105*100 -> 91.294524 | H105: =+'VAB corriente'!H105/'VAB constante'!H105*100 -> 94.886625 | I105: =+'VAB corriente'!I105/'VAB constante'!I105*100 -> 96.195002
A106: R - S - U -Arte, entretenimiento y otras actividades de servicios | B106: 75 | C106: Servicios de asociaciones, personales; esparcimiento; culturales y deportivos | D106: =+'VAB corriente'!D106/'VAB constante'!D106*100 -> 100 | E106: =+'VAB corriente'!E106/'VAB constante'!E106*100 -> 103.33387 | F106: =+'VAB corriente'!F106/'VAB constante'!F106*100 -> 105.22569 | G106: =+'VAB corriente'!G106/'VAB constante'!G106*100 -> 96.433944 | H106: =+'VAB corriente'!H106/'VAB constante'!H106*100 -> 93.932034 | I106: =+'VAB corriente'!I106/'VAB constante'!I106*100 -> 100.8212
B107: Total R - S - U -Arte, entretenimiento y otras actividades de servicios | D107: =+'VAB corriente'!D107/'VAB constante'!D107*100 -> 100 | E107: =+'VAB corriente'!E107/'VAB constante'!E107*100 -> 103.33387 | F107: =+'VAB corriente'!F107/'VAB constante'!F107*100 -> 105.22569 | G107: =+'VAB corriente'!G107/'VAB constante'!G107*100 -> 96.433944 | H107: =+'VAB corriente'!H107/'VAB constante'!H107*100 -> 93.932034 | I107: =+'VAB corriente'!I107/'VAB constante'!I107*100 -> 100.8212
A108: T -Actividades de los Hogares como empleadores | B108: 76 | C108: Actividades de los hogares como empleadores de personal doméstico | D108: =+'VAB corriente'!D108/'VAB constante'!D108*100 -> 100 | E108: =+'VAB corriente'!E108/'VAB constante'!E108*100 -> 94.711391 | F108: =+'VAB corriente'!F108/'VAB constante'!F108*100 -> 97.136875 | G108: =+'VAB corriente'!G108/'VAB constante'!G108*100 -> 96.600146 | H108: =+'VAB corriente'!H108/'VAB constante'!H108*100 -> 105.8465 | I108: =+'VAB corriente'!I108/'VAB constante'!I108*100 -> 101.58951
B109: Total T -Actividades de los Hogares como empleadores | D109: =+'VAB corriente'!D109/'VAB constante'!D109*100 -> 100 | E109: =+'VAB corriente'!E109/'VAB constante'!E109*100 -> 94.711391 | F109: =+'VAB corriente'!F109/'VAB constante'!F109*100 -> 97.136875 | G109: =+'VAB corriente'!G109/'VAB constante'!G109*100 -> 96.600146 | H109: =+'VAB corriente'!H109/'VAB constante'!H109*100 -> 105.8465 | I109: =+'VAB corriente'!I109/'VAB constante'!I109*100 -> 101.58951
A110: Valor Agregado Total | D110: =+'VAB corriente'!D110/'VAB constante'!D110*100 -> 100 | E110: =+'VAB corriente'!E110/'VAB constante'!E110*100 -> 99.070847 | F110: =+'VAB corriente'!F110/'VAB constante'!F110*100 -> 97.286148 | G110: =+'VAB corriente'!G110/'VAB constante'!G110*100 -> 102.77453 | H110: =+'VAB corriente'!H110/'VAB constante'!H110*100 -> 103.92338 | I110: =+'VAB corriente'!I110/'VAB constante'!I110*100 -> 101.24906
A112: (p): provisional
A113: Elaboración: Banco Central del Ecuador | D113: 0 | E113: 0 | F113: 0
