Workbook

Sheet Prod
A2: descripcion | B2: Comercio al por mayor, excepto de vehículos de motor y motocicletas
A4: Suma de prod_trab | B4: Etiquetas de columna
A5: Etiquetas de fila | B5: 2016 | C5: 2017 | D5: 2018 | E5: 2019 | F5: 2020 | G5: 2021 | H5: 2022 | I5: 2023
A6: Chile | B6: 3971.3581 | C6: 3658.3158 | D6: 3568.5421 | E6: 3650.2226 | F6: 3286.4673 | G6: 3882.8864 | H6: 3502.0706
A7: México | B7: 27350.44 | C7: 24470.541 | D7: 37965.324 | E7: 36723.233 | F7: 30336.691 | G7: 38301.13 | H7: 42667.159 | I7: 60404.748
L9: promedio
B10: Chile | C10: =C6/B6*100-100 -> -7.8824983 | D10: =D6/C6*100-100 -> -2.4539641 | E10: =E6/D6*100-100 -> 2.2889031 | F10: =F6/E6*100-100 -> -9.9652905 | G10: =G6/F6*100-100 -> 18.147727 | H10: =H6/G6*100-100 -> -9.8075427 | L10: =AVERAGE(C10:H10) -> -1.612111
B11: México | C11: =C7/B7*100-100 -> -10.529626 | D11: =D7/C7*100-100 -> 55.147059 | E11: =E7/D7*100-100 -> -3.2716483 | F11: =F7/E7*100-100 -> -17.39101 | G11: =G7/F7*100-100 -> 26.253484 | H11: =H7/G7*100-100 -> 11.399218 | I11: =I7/H7*100-100 -> 41.571994 | L11: =AVERAGE(C11:I11) -> 14.739924
A13: Chile | B13: =B6/$D6 -> 1.1128797 | C13: =C6/$D6 -> 1.025157 | D13: =D6/$D6 -> 1 | E13: =E6/$D6 -> 1.022889 | F13: =F6/$D6 -> 0.92095517 | G13: =G6/$D6 -> 1.0880876 | H13: =H6/$D6 -> 0.98137294
A14: México | B14: =B7/$D7 -> 0.7204058 | C14: =C7/$D7 -> 0.64454976 | D14: =D7/$D7 -> 1 | E14: =E7/$D7 -> 0.96728352 | F14: =F7/$D7 -> 0.79906314 | G14: =G7/$D7 -> 1.0088451 | H14: =H7/$D7 -> 1.1238455 | I14: =I7/$D7 -> 1.5910505
A16: descripcion | B16: Comercio al por mayor, excepto de vehículos de motor y motocicletas
A18: Suma de emp | B18: Etiquetas de columna
A19: Etiquetas de fila | B19: 2016 | C19: 2017 | D19: 2018 | E19: 2019 | F19: 2020 | G19: 2021 | H19: 2022 | I19: 2023
A20: Chile | B20: 1533942 | C20: 2949275.4 | D20: 3434103.8 | E20: 2923247.4 | F20: 3420807.5 | G20: 3593142.8 | H20: 5249696.3
A21: México | B21: 779287 | C21: 795803 | D21: 1561961 | E21: 1575997 | F21: 1570105 | G21: 1626213 | H21: 1652813 | I21: 1665682
B24: Chile | C24: =C20/B20*100-100 -> 92.267728 | D24: =D20/C20*100-100 -> 16.438899 | E24: =E20/D20*100-100 -> -14.875974 | F24: =F20/E20*100-100 -> 17.020797 | G24: =G20/F20*100-100 -> 5.0378562 | H24: =H20/G20*100-100 -> 46.103191 | L24: =AVERAGE(C24:H24) -> 26.99875
B25: México | C25: =C21/B21*100-100 -> 2.1193732 | D25: =D21/C21*100-100 -> 96.274832 | E25: =E21/D21*100-100 -> 0.89861399 | F25: =F21/E21*100-100 -> -0.37385858 | G25: =G21/F21*100-100 -> 3.573519 | H25: =H21/G21*100-100 -> 1.6357021 | I25: =I21/H21*100-100 -> 0.77861198 | L25: =AVERAGE(C25:I25) -> 14.986685
A28: descripcion | B28: Comercio al por mayor, excepto de vehículos de motor y motocicletas
A30: Suma de rem | B30: Etiquetas de columna
A31: Etiquetas de fila | B31: 2016 | C31: 2017 | D31: 2018 | E31: 2019 | F31: 2020 | G31: 2021 | H31: 2022 | I31: 2023
A32: Chile | B32: 3.0974596e+09 | C32: 5.7367606e+09 | D32: 6.6686859e+09 | E32: 5.8545196e+09 | F32: 5.9600122e+09 | G32: 6.7052121e+09 | H32: 9.4321527e+09
A33: México | B33: 2.7899177e+09 | C33: 2.8386951e+09 | D33: 9.2323208e+09 | E33: 9.5918375e+09 | F33: 8.372796e+09 | G33: 1.0522987e+10 | H33: 1.276345e+10 | I33: 1.8118783e+10
B36: Chile | C36: =C32/B32*100-100 -> 85.208568 | D36: =D32/C32*100-100 -> 16.2448 | E36: =E32/D32*100-100 -> -12.208797 | F36: =F32/E32*100-100 -> 1.8019002 | G36: =G32/F32*100-100 -> 12.503328 | H36: =H32/G32*100-100 -> 40.66897 | L36: =AVERAGE(C36:H36) -> 24.036462
B37: México | C37: =C33/B33*100-100 -> 1.7483447 | D37: =D33/C33*100-100 -> 225.23115 | E37: =E33/D33*100-100 -> 3.8941099 | F37: =F33/E33*100-100 -> -12.709155 | G37: =G33/F33*100-100 -> 25.68068 | H37: =H33/G33*100-100 -> 21.291131 | I37: =I33/H33*100-100 -> 41.958352 | L37: =AVERAGE(C37:I37) -> 43.870659
A43: descripcion | B43: Comercio al por mayor, excepto de vehículos de motor y motocicletas
A45: Suma de VA_defl | B45: Etiquetas de columna
A46: Etiquetas de fila | B46: 2016 | C46: 2017 | D46: 2018 | E46: 2019 | F46: 2020 | G46: 2021 | H46: 2022 | I46: 2023
A47: Chile | B47: 6.091833e+09 | C47: 1.0789381e+10 | D47: 1.2254744e+10 | E47: 1.0670504e+10 | F47: 1.1242372e+10 | G47: 1.3951765e+10 | H47: 1.8384807e+10
A48: México | B48: 2.1313842e+10 | C48: 1.947373e+10 | D48: 5.9300356e+10 | E48: 5.7875704e+10 | F48: 4.7631791e+10 | G48: 6.2285795e+10 | H48: 7.0520835e+10 | I48: 1.006151e+11
B51: Chile | C51: =C47/B47*100-100 -> 77.112228 | D51: =D47/C47*100-100 -> 13.58153 | E51: =E47/D47*100-100 -> -12.927568 | F51: =F47/E47*100-100 -> 5.3593344 | G51: =G47/F47*100-100 -> 24.099839 | H51: =H47/G47*100-100 -> 31.774058 | L51: =AVERAGE(C51:H51) -> 23.16657
B52: México | C52: =C48/B48*100-100 -> -8.6334144 | D52: =D48/C48*100-100 -> 204.51463 | E52: =E48/D48*100-100 -> -2.4024338 | F52: =F48/E48*100-100 -> -17.699851 | G52: =G48/F48*100-100 -> 30.765176 | H52: =H48/G48*100-100 -> 13.221377 | I52: =I48/H48*100-100 -> 42.67429 | L52: =AVERAGE(C52:I52) -> 37.491396

Sheet rem_emp
A1: descripcion | B1: Comercio al por mayor, excepto de vehículos de motor y motocicletas
A3: Suma de Rem_emp | B3: Etiquetas de columna
A4: Etiquetas de fila | B4: 2016 | C4: 2017 | D4: 2018 | E4: 2019 | F4: 2020 | G4: 2021 | H4: 2022 | I4: 2023 | J4: Total general
A5: Chile | B5: 2019.2808 | C5: 1945.1424 | D5: 1941.8999 | E5: 2002.7451 | F5: 1742.2823 | G5: 1866.1134 | H5: 1796.7045 | J5: 13314.168
A6: México | B6: 3580.0902 | C6: 3567.0827 | D6: 5910.7243 | E6: 6086.2029 | F6: 5332.6345 | G6: 6470.8541 | H6: 7722.2589 | I6: 10877.696 | J6: 49547.544
A7: Total general | B7: 5599.3709 | C7: 5512.225 | D7: 7852.6242 | E7: 8088.948 | F7: 7074.9167 | G7: 8336.9675 | H7: 9518.9634 | I7: 10877.696 | J7: 62861.712
B9: Chile | C9: =C5/B5*100-100 -> -3.6715263 | D9: =D5/C5*100-100 -> -0.1666955 | E9: =E5/D5*100-100 -> 3.1332835 | F9: =F5/E5*100-100 -> -13.005292 | G9: =G5/F5*100-100 -> 7.1074109 | H9: =H5/G5*100-100 -> -3.7194404 | K9: =AVERAGE(C9:H9) -> -1.7203767
B10: México | C10: =C6/B6*100-100 -> -0.36332828 | D10: =D6/C6*100-100 -> 65.701914 | E10: =E6/D6*100-100 -> 2.9688177 | F10: =F6/E6*100-100 -> -12.381586 | G10: =G6/F6*100-100 -> 21.344415 | H10: =H6/G6*100-100 -> 19.339099 | I10: =I6/H6*100-100 -> 40.861587 | K10: =AVERAGE(C10:I10) -> 19.638702

Sheet emp_prod
A1: País | B1: descripcion | C1: conc | D1: year | E1: Suma de prod_trab | F1: Suma de emp | G1: pm | H1: emp | I1: rem | J1: rem_emp | L1: tc_rem_emp
A2: Chile | B2: Actividades de edición | C2: =_xlfn.CONCAT(A2,D2,B2) -> Chile2016Actividades de edición | D2: 2016 | E2: 3858.0035 | F2: 53031 | I2: =VLOOKUP(C2,Sheet1!$H$2:$K$191,4,0) -> 1.3573433e+08 | J2: =IFERROR(I2/H2,"")
A3: Chile | B3: Actividades de edición | C3: =_xlfn.CONCAT(A3,D3,B3) -> Chile2017Actividades de edición | D3: 2017 | E3: 4237.4399 | F3: 52177 | G3: =IF(B3=B2,(E3-E2)/E2*100,"") -> 9.8350469 | H3: =IF(B3=B2,(F3-F2)/F2*100,"") -> -1.6103788 | I3: =VLOOKUP(C3,Sheet1!$H$2:$K$191,4,0) -> 1.605623e+08 | J3: =IFERROR(I3/H3,"") -> -99704675 | K3: =IF(B3=B2,(I3-I2)/I2*100,"") -> 18.291591 | L3: =IFERROR(IF(B3=B2,(J3-J2)/J2*100,""),"")
A4: Chile | B4: Actividades de edición | C4: =_xlfn.CONCAT(A4,D4,B4) -> Chile2018Actividades de edición | D4: 2018 | E4: 3002.4566 | F4: 63409 | G4: =IF(B4=B3,(E4-E3)/E3*100,"") -> -29.144562 | H4: =IF(B4=B3,(F4-F3)/F3*100,"") -> 21.526726 | I4: =VLOOKUP(C4,Sheet1!$H$2:$K$191,4,0) -> 1.4989045e+08 | J4: =IFERROR(I4/H4,"") -> 6962993.5 | K4: =IF(B4=B3,(I4-I3)/I3*100,"") -> -6.646544 | L4: =IFERROR(IF(B4=B3,(J4-J3)/J3*100,""),"") -> -106.98362
A5: Chile | B5: Actividades de edición | C5: =_xlfn.CONCAT(A5,D5,B5) -> Chile2019Actividades de edición | D5: 2019 | E5: 3830.0331 | F5: 40762 | G5: =IF(B5=B4,(E5-E4)/E4*100,"") -> 27.563312 | H5: =IF(B5=B4,(F5-F4)/F4*100,"") -> -35.71575 | I5: =VLOOKUP(C5,Sheet1!$H$2:$K$191,4,0) -> 1.2985275e+08 | J5: =IFERROR(I5/H5,"") -> -3635728 | K5: =IF(B5=B4,(I5-I4)/I4*100,"") -> -13.368231 | L5: =IFERROR(IF(B5=B4,(J5-J4)/J4*100,""),"") -> -152.21501
A6: Chile | B6: Actividades de edición | C6: =_xlfn.CONCAT(A6,D6,B6) -> Chile2020Actividades de edición | D6: 2020 | E6: 2311.6302 | F6: 49914 | G6: =IF(B6=B5,(E6-E5)/E5*100,"") -> -39.644642 | H6: =IF(B6=B5,(F6-F5)/F5*100,"") -> 22.452284 | I6: =VLOOKUP(C6,Sheet1!$H$2:$K$191,4,0) -> 1.1081943e+08 | J6: =IFERROR(I6/H6,"") -> 4935775.4 | K6: =IF(B6=B5,(I6-I5)/I5*100,"") -> -14.657619 | L6: =IFERROR(IF(B6=B5,(J6-J5)/J5*100,""),"") -> -235.75755
A7: Chile | B7: Actividades de edición | C7: =_xlfn.CONCAT(A7,D7,B7) -> Chile2021Actividades de edición | D7: 2021 | E7: 3181.8565 | F7: 92111 | G7: =IF(B7=B6,(E7-E6)/E6*100,"") -> 37.645565 | H7: =IF(B7=B6,(F7-F6)/F6*100,"") -> 84.539408 | I7: =VLOOKUP(C7,Sheet1!$H$2:$K$191,4,0) -> 1.8076035e+08 | J7: =IFERROR(I7/H7,"") -> 2138178.5 | K7: =IF(B7=B6,(I7-I6)/I6*100,"") -> 63.1125 | L7: =IFERROR(IF(B7=B6,(J7-J6)/J6*100,""),"") -> -56.679988
A8: Chile | B8: Actividades de edición | C8: =_xlfn.CONCAT(A8,D8,B8) -> Chile2022Actividades de edición | D8: 2022 | E8: 2964.6089 | F8: 154394.12 | G8: =IF(B8=B7,(E8-E7)/E7*100,"") -> -6.827699 | H8: =IF(B8=B7,(F8-F7)/F7*100,"") -> 67.617457 | I8: =VLOOKUP(C8,Sheet1!$H$2:$K$191,4,0) -> 2.5349341e+08 | J8: =IFERROR(I8/H8,"") -> 3748934.4 | K8: =IF(B8=B7,(I8-I7)/I7*100,"") -> 40.237289 | L8: =IFERROR(IF(B8=B7,(J8-J7)/J7*100,""),"") -> 75.333085
A9: Chile | B9: Actividades de programación y radiodifusión | C9: =_xlfn.CONCAT(A9,D9,B9) -> Chile2016Actividades de programación y radiodifusión | D9: 2016 | E9: 5100.8369 | F9: 85757 | G9: =IF(B9=B8,(E9-E8)/E8*100,"") | H9: =IF(B9=B8,(F9-F8)/F8*100,"") | I9: =VLOOKUP(C9,Sheet1!$H$2:$K$191,4,0) -> 1.8296761e+08 | J9: =IFERROR(I9/H9,"") | K9: =IF(B9=B8,(I9-I8)/I8*100,"") | L9: =IFERROR(IF(B9=B8,(J9-J8)/J8*100,""),"")
A10: Chile | B10: Actividades de programación y radiodifusión | C10: =_xlfn.CONCAT(A10,D10,B10) -> Chile2017Actividades de programación y radiodifusión | D10: 2017 | E10: 7133.7388 | F10: 71194 | G10: =IF(B10=B9,(E10-E9)/E9*100,"") -> 39.854282 | H10: =IF(B10=B9,(F10-F9)/F9*100,"") -> -16.981704 | I10: =VLOOKUP(C10,Sheet1!$H$2:$K$191,4,0) -> 1.9341023e+08 | J10: =IFERROR(I10/H10,"") -> -11389330 | K10: =IF(B10=B9,(I10-I9)/I9*100,"") -> 5.7073565 | L10: =IFERROR(IF(B10=B9,(J10-J9)/J9*100,""),"")
A11: Chile | B11: Actividades de programación y radiodifusión | C11: =_xlfn.CONCAT(A11,D11,B11) -> Chile2018Actividades de programación y radiodifusión | D11: 2018 | E11: 7737.9901 | F11: 69744 | G11: =IF(B11=B10,(E11-E10)/E10*100,"") -> 8.4703309 | H11: =IF(B11=B10,(F11-F10)/F10*100,"") -> -2.0366885 | I11: =VLOOKUP(C11,Sheet1!$H$2:$K$191,4,0) -> 1.956337e+08 | J11: =IFERROR(I11/H11,"") -> -96054797 | K11: =IF(B11=B10,(I11-I10)/I10*100,"") -> 1.1496138 | L11: =IFERROR(IF(B11=B10,(J11-J10)/J10*100,""),"") -> 743.37532
A12: Chile | B12: Actividades de programación y radiodifusión | C12: =_xlfn.CONCAT(A12,D12,B12) -> Chile2019Actividades de programación y radiodifusión | D12: 2019 | E12: 7602.5543 | F12: 55417 | G12: =IF(B12=B11,(E12-E11)/E11*100,"") -> -1.7502707 | H12: =IF(B12=B11,(F12-F11)/F11*100,"") -> -20.542269 | I12: =VLOOKUP(C12,Sheet1!$H$2:$K$191,4,0) -> 1.5766283e+08 | J12: =IFERROR(I12/H12,"") -> -7675044.8 | K12: =IF(B12=B11,(I12-I11)/I11*100,"") -> -19.409163 | L12: =IFERROR(IF(B12=B11,(J12-J11)/J11*100,""),"") -> -92.009723
A13: Chile | B13: Actividades de programación y radiodifusión | C13: =_xlfn.CONCAT(A13,D13,B13) -> Chile2020Actividades de programación y radiodifusión | D13: 2020 | E13: 6819.9634 | F13: 47046 | G13: =IF(B13=B12,(E13-E12)/E12*100,"") -> -10.293789 | H13: =IF(B13=B12,(F13-F12)/F12*100,"") -> -15.105473 | I13: =VLOOKUP(C13,Sheet1!$H$2:$K$191,4,0) -> 1.2360502e+08 | J13: =IFERROR(I13/H13,"") -> -8182797.1 | K13: =IF(B13=B12,(I13-I12)/I12*100,"") -> -21.601675 | L13: =IFERROR(IF(B13=B12,(J13-J12)/J12*100,""),"") -> 6.6156261
A14: Chile | B14: Actividades de programación y radiodifusión | C14: =_xlfn.CONCAT(A14,D14,B14) -> Chile2021Actividades de programación y radiodifusión | D14: 2021 | E14: 11081.546 | F14: 59201 | G14: =IF(B14=B13,(E14-E13)/E13*100,"") -> 62.486887 | H14: =IF(B14=B13,(F14-F13)/F13*100,"") -> 25.836415 | I14: =VLOOKUP(C14,Sheet1!$H$2:$K$191,4,0) -> 1.1521235e+08 | J14: =IFERROR(I14/H14,"") -> 4459300.9 | K14: =IF(B14=B13,(I14-I13)/I13*100,"") -> -6.7899107 | L14: =IFERROR(IF(B14=B13,(J14-J13)/J13*100,""),"") -> -154.49605
... A181: México | B181: Telecomunicaciones | C181: =_xlfn.CONCAT(A181,D181,B181) -> México2023Telecomunicaciones | D181: 2023 | E181: 106502.21 | F181: 151981 | G181: =IF(B181=B180,(E181-E180)/E180*100,"") -> 12.637356 | H181: =IF(B181=B180,(F181-F180)/F180*100,"") -> -3.1807815 | I181: =VLOOKUP(C181,Sheet1!$H$2:$K$191,4,0) -> 2.8096076e+09 | J181: =IFERROR(I181/H181,"") -> -8.8330731e+08 | K181: =IF(B181=B180,(I181-I180)/I180*100,"") -> 18.817986 | L181: =IFERROR(IF(B181=B180,(J181-J180)/J180*100,""),"") -> 447.44119

Sheet Sheet1
A1: País | B1: year | C1: descripcion | D1: VA_div | E1: CI_div | F1: VBP_div | G1: VA_VBP_div | H1: conca | I1: deflactores2dfinal | J1: emp | K1: rem | L1: consumo_energía | M1: horas | N1: VA_defl | O1: prod_trab | P1: Rem_emp
A2: Chile | B2: 2016 | C2: Elaboración de productos alimenticios | D2: 5.7177504e+09 | E2: 1.5325576e+10 | F2: 2.1043327e+10 | G2: 27.171323 | H2: =_xlfn.CONCAT(A2,B2,C2) -> Chile2016Elaboración de productos alimenticios | I2: 96.618125 | J2: =VLOOKUP(H2,[1]Hoja2!D$2:E$191,2,0) -> 150226.25 | K2: =VLOOKUP(H2,[1]Hoja2!D$2:F$191,3,0) -> 1.8424362e+09 | L2: =IFERROR(VLOOKUP(H2,[2]Sheet1!K$2:L$94,2,0),"") | M2: =IFERROR(VLOOKUP(H2,[2]Sheet1!K$372:L$648,2,0),"") | N2: =D2/I2*100 -> 5.917886e+09 | O2: =N2/J2 -> 39393.155 | P2: =K2/J2 -> 12264.409
A3: Chile | B3: 2016 | C3: Fabricación de prendas de vestir | D3: 1.2348923e+08 | E3: 2.2563182e+08 | F3: 3.4912106e+08 | G3: 35.371465 | H3: =_xlfn.CONCAT(A3,B3,C3) -> Chile2016Fabricación de prendas de vestir | I3: 117.93761 | J3: =VLOOKUP(H3,[1]Hoja2!D$2:E$191,2,0) -> 8550 | K3: =VLOOKUP(H3,[1]Hoja2!D$2:F$191,3,0) -> 90233466 | L3: =IFERROR(VLOOKUP(H3,[2]Sheet1!K$2:L$94,2,0),"") | M3: =IFERROR(VLOOKUP(H3,[2]Sheet1!K$372:L$648,2,0),"") | N3: =D3/I3*100 -> 1.0470725e+08 | O3: =N3/J3 -> 12246.462 | P3: =K3/J3 -> 10553.622
A4: Chile | B4: 2016 | C4: Fabricación de productos de cuero y productos conexos | D4: 1.46283e+08 | E4: 1.3929905e+08 | F4: 2.8558205e+08 | G4: 51.222756 | H4: =_xlfn.CONCAT(A4,B4,C4) -> Chile2016Fabricación de productos de cuero y productos conexos | I4: 117.93761 | J4: =VLOOKUP(H4,[1]Hoja2!D$2:E$191,2,0) -> 5885.75 | K4: =VLOOKUP(H4,[1]Hoja2!D$2:F$191,3,0) -> 67650512 | L4: =IFERROR(VLOOKUP(H4,[2]Sheet1!K$2:L$94,2,0),"") | M4: =IFERROR(VLOOKUP(H4,[2]Sheet1!K$372:L$648,2,0),"") | N4: =D4/I4*100 -> 1.2403422e+08 | O4: =N4/J4 -> 21073.647 | P4: =K4/J4 -> 11493.949
A5: Chile | B5: 2016 | C5: Fabricación de vehículos automotores, remolques y semirremolques | D5: 17635138 | E5: 76040542 | F5: 93675680 | G5: 18.825738 | H5: =_xlfn.CONCAT(A5,B5,C5) -> Chile2016Fabricación de vehículos automotores, remolques y semirremolques | I5: 101.10423 | J5: =VLOOKUP(H5,[1]Hoja2!D$2:E$191,2,0) -> 1132.75 | K5: =VLOOKUP(H5,[1]Hoja2!D$2:F$191,3,0) -> 17844337 | L5: =IFERROR(VLOOKUP(H5,[2]Sheet1!K$2:L$94,2,0),"") | M5: =IFERROR(VLOOKUP(H5,[2]Sheet1!K$372:L$648,2,0),"") | N5: =D5/I5*100 -> 17442532 | O5: =N5/J5 -> 15398.395 | P5: =K5/J5 -> 15753.111
A6: Chile | B6: 2016 | C6: Comercio al por mayor y al por menor y reparación de vehículos de motor y motocicletas | D6: 1.4375727e+09 | E6: 1.4647413e+09 | F6: 2.8863687e+09 | G6: 49.805582 | H6: =_xlfn.CONCAT(A6,B6,C6) -> Chile2016Comercio al por mayor y al por menor y reparación de vehículos de motor y motocicletas | I6: 99.27464 | J6: =VLOOKUP(H6,[1]Hoja2!D$2:E$191,2,0) -> 436535 | K6: =VLOOKUP(H6,[1]Hoja2!D$2:F$191,3,0) -> 8.7455318e+08 | L6: =IFERROR(VLOOKUP(H6,[2]Sheet1!K$2:L$94,2,0),"") | M6: =IFERROR(VLOOKUP(H6,[2]Sheet1!K$372:L$648,2,0),"") | N6: =D6/I6*100 -> 1.4480765e+09 | O6: =N6/J6 -> 3317.2059 | P6: =K6/J6 -> 2003.3976
A7: Chile | B7: 2016 | C7: Comercio al por mayor, excepto de vehículos de motor y motocicletas | D7: 6.0476453e+09 | E7: 7.9498249e+09 | F7: 1.398951e+10 | G7: 43.229859 | H7: =_xlfn.CONCAT(A7,B7,C7) -> Chile2016Comercio al por mayor, excepto de vehículos de motor y motocicletas | I7: 99.27464 | J7: =VLOOKUP(H7,[1]Hoja2!D$2:E$191,2,0) -> 1533942 | K7: =VLOOKUP(H7,[1]Hoja2!D$2:F$191,3,0) -> 3.0974596e+09 | L7: =IFERROR(VLOOKUP(H7,[2]Sheet1!K$2:L$94,2,0),"") | M7: =IFERROR(VLOOKUP(H7,[2]Sheet1!K$372:L$648,2,0),"") | N7: =D7/I7*100 -> 6.091833e+09 | O7: =N7/J7 -> 3971.3581 | P7: =K7/J7 -> 2019.2808
A8: Chile | B8: 2016 | C8: Comercio al por menor, excepto de vehículos de motor y motocicletas | D8: 6.2049222e+09 | E8: 6.339196e+09 | F8: 1.2540195e+10 | G8: 49.480269 | H8: =_xlfn.CONCAT(A8,B8,C8) -> Chile2016Comercio al por menor, excepto de vehículos de motor y motocicletas | I8: 99.27464 | J8: =VLOOKUP(H8,[1]Hoja2!D$2:E$191,2,0) -> 2597511 | K8: =VLOOKUP(H8,[1]Hoja2!D$2:F$191,3,0) -> 2.7125911e+09 | L8: =IFERROR(VLOOKUP(H8,[2]Sheet1!K$2:L$94,2,0),"") | M8: =IFERROR(VLOOKUP(H8,[2]Sheet1!K$372:L$648,2,0),"") | N8: =D8/I8*100 -> 6.2502591e+09 | O8: =N8/J8 -> 2406.2493 | P8: =K8/J8 -> 1044.304
A9: Chile | B9: 2016 | C9: Actividades de edición | D9: 2.2127654e+08 | E9: 1.5340648e+08 | F9: 3.7468302e+08 | G9: 59.056997 | H9: =_xlfn.CONCAT(A9,B9,C9) -> Chile2016Actividades de edición | I9: 108.15409 | J9: =VLOOKUP(H9,[1]Hoja2!D$2:E$191,2,0) -> 53031 | K9: =VLOOKUP(H9,[1]Hoja2!D$2:F$191,3,0) -> 1.3573433e+08 | L9: =IFERROR(VLOOKUP(H9,[2]Sheet1!K$2:L$94,2,0),"") | M9: =IFERROR(VLOOKUP(H9,[2]Sheet1!K$372:L$648,2,0),"") | N9: =D9/I9*100 -> 2.0459378e+08 | O9: =N9/J9 -> 3858.0035 | P9: =K9/J9 -> 2559.528
A10: Chile | B10: 2016 | C10: Actividades de programación y radiodifusión | D10: 4.731011e+08 | E10: 1.9859934e+08 | F10: 6.7170045e+08 | G10: 70.433347 | H10: =_xlfn.CONCAT(A10,B10,C10) -> Chile2016Actividades de programación y radiodifusión | I10: 108.15409 | J10: =VLOOKUP(H10,[1]Hoja2!D$2:E$191,2,0) -> 85757 | K10: =VLOOKUP(H10,[1]Hoja2!D$2:F$191,3,0) -> 1.8296761e+08 | L10: =IFERROR(VLOOKUP(H10,[2]Sheet1!K$2:L$94,2,0),"") | M10: =IFERROR(VLOOKUP(H10,[2]Sheet1!K$372:L$648,2,0),"") | N10: =D10/I10*100 -> 4.3743247e+08 | O10: =N10/J10 -> 5100.8369 | P10: =K10/J10 -> 2133.5589
A11: Chile | B11: 2016 | C11: Actividades de servicios de información | D11: 2.3390093e+08 | E11: 1.9996822e+08 | F11: 4.3386915e+08 | G11: 53.910478 | H11: =_xlfn.CONCAT(A11,B11,C11) -> Chile2016Actividades de servicios de información | I11: 108.15409 | J11: =VLOOKUP(H11,[1]Hoja2!D$2:E$191,2,0) -> 47839 | K11: =VLOOKUP(H11,[1]Hoja2!D$2:F$191,3,0) -> 1.2644068e+08 | L11: =IFERROR(VLOOKUP(H11,[2]Sheet1!K$2:L$94,2,0),"") | M11: =IFERROR(VLOOKUP(H11,[2]Sheet1!K$372:L$648,2,0),"") | N11: =D11/I11*100 -> 2.1626638e+08 | O11: =N11/J11 -> 4520.7128 | P11: =K11/J11 -> 2643.046
A12: Chile | B12: 2016 | C12: Producción de películas, videos y programas de televisión, grabación de sonido y edición musical | D12: 1.7174254e+08 | E12: 1.0878616e+08 | F12: 2.8052869e+08 | G12: 61.221023 | H12: =_xlfn.CONCAT(A12,B12,C12) -> Chile2016Producción de películas, videos y programas de televisión, grabación de sonido y edición musical | I12: 108.15409 | J12: =VLOOKUP(H12,[1]Hoja2!D$2:E$191,2,0) -> 23808 | K12: =VLOOKUP(H12,[1]Hoja2!D$2:F$191,3,0) -> 50080661 | L12: =IFERROR(VLOOKUP(H12,[2]Sheet1!K$2:L$94,2,0),"") | M12: =IFERROR(VLOOKUP(H12,[2]Sheet1!K$372:L$648,2,0),"") | N12: =D12/I12*100 -> 1.5879431e+08 | O12: =N12/J12 -> 6669.7878 | P12: =K12/J12 -> 2103.5224
A13: Chile | B13: 2016 | C13: Programación de computadoras, consultoría y actividades relacionadas | D13: 9.6221793e+08 | E13: 8.1845682e+08 | F13: 1.7806748e+09 | G13: 54.036703 | H13: =_xlfn.CONCAT(A13,B13,C13) -> Chile2016Programación de computadoras, consultoría y actividades relacionadas | I13: 108.15409 | J13: =VLOOKUP(H13,[1]Hoja2!D$2:E$191,2,0) -> 217507 | K13: =VLOOKUP(H13,[1]Hoja2!D$2:F$191,3,0) -> 7.1638244e+08 | L13: =IFERROR(VLOOKUP(H13,[2]Sheet1!K$2:L$94,2,0),"") | M13: =IFERROR(VLOOKUP(H13,[2]Sheet1!K$372:L$648,2,0),"") | N13: =D13/I13*100 -> 8.8967318e+08 | O13: =N13/J13 -> 4090.3198 | P13: =K13/J13 -> 3293.6064
... A61: Chile | B61: 2020 | C61: Programación de computadoras, consultoría y actividades relacionadas | D61: 8.0423265e+08 | E61: 6.5868993e+08 | F61: 1.4629226e+09 | G61: 54.974382 | H61: =_xlfn.CONCAT(A61,B61,C61) -> Chile2020Programación de computadoras, consultoría y actividades relacionadas | I61: 91.363838 | J61: =VLOOKUP(H61,[1]Hoja2!D$2:E$191,2,0) -> 221833 | K61: =VLOOKUP(H61,[1]Hoja2!D$2:F$191,3,0) -> 5.3227395e+08 | L61: =IFERROR(VLOOKUP(H61,[2]Sheet1!K$2:L$94,2,0),"") | M61: =IFERROR(VLOOKUP(H61,[2]Sheet1!K$372:L$648,2,0),"") | N61: =D61/I61*100 -> 8.802527e+08 | O61: =N61/J61 -> 3968.0872 | P61: =K61/J61 -> 2399.4354
A62: Chile | B62: 2021 | C62: Elaboración de productos alimenticios | D62: 8.3266235e+09 | E62: 1.7894554e+10 | F62: 2.6221179e+10 | G62: 31.755336 | H62: =_xlfn.CONCAT(A62,B62,C62) -> Chile2021Elaboración de productos alimenticios | I62: 108.85802 | J62: =VLOOKUP(H62,[1]Hoja2!D$2:E$191,2,0) -> 184026 | K62: 1896510188 | L62: =IFERROR(VLOOKUP(H62,[2]Sheet1!K$2:L$94,2,0),"") | M62: =IFERROR(VLOOKUP(H62,[2]Sheet1!K$372:L$648,2,0),"") | N62: =D62/I62*100 -> 7.6490673e+09 | O62: =N62/J62 -> 41565.145 | P62: =K62/J62 -> 10305.664
A63: Chile | B63: 2021 | C63: Fabricación de prendas de vestir | D63: 61466485 | E63: 71658479 | F63: 1.3312496e+08 | G63: 46.17202 | H63: =_xlfn.CONCAT(A63,B63,C63) -> Chile2021Fabricación de prendas de vestir | I63: 69.374467 | J63: =VLOOKUP(H63,[1]Hoja2!D$2:E$191,2,0) -> 3398 | K63: =VLOOKUP(H63,[1]Hoja2!D$2:F$191,3,0) -> 31451189 | L63: =IFERROR(VLOOKUP(H63,[2]Sheet1!K$2:L$94,2,0),"") | M63: =IFERROR(VLOOKUP(H63,[2]Sheet1!K$372:L$648,2,0),"") | N63: =D63/I63*100 -> 88601020 | O63: =N63/J63 -> 26074.462 | P63: =K63/J63 -> 9255.7943
A64: Chile | B64: 2021 | C64: Fabricación de productos de cuero y productos conexos | D64: 34907166 | E64: 24271425 | F64: 59178591 | G64: 58.986139 | H64: =_xlfn.CONCAT(A64,B64,C64) -> Chile2021Fabricación de productos de cuero y productos conexos | I64: 69.374467 | J64: =VLOOKUP(H64,[1]Hoja2!D$2:E$191,2,0) -> 1111 | K64: =VLOOKUP(H64,[1]Hoja2!D$2:F$191,3,0) -> 14658754 | L64: =IFERROR(VLOOKUP(H64,[2]Sheet1!K$2:L$94,2,0),"") | M64: =IFERROR(VLOOKUP(H64,[2]Sheet1!K$372:L$648,2,0),"") | N64: =D64/I64*100 -> 50317023 | O64: =N64/J64 -> 45289.849 | P64: =K64/J64 -> 13194.198
A65: Chile | B65: 2021 | C65: Fabricación de vehículos automotores, remolques y semirremolques | D65: 23975137 | E65: 43093828 | F65: 67068965 | G65: 35.746991 | H65: =_xlfn.CONCAT(A65,B65,C65) -> Chile2021Fabricación de vehículos automotores, remolques y semirremolques | I65: 106.47235 | J65: =VLOOKUP(H65,[1]Hoja2!D$2:E$191,2,0) -> 1079 | K65: =VLOOKUP(H65,[1]Hoja2!D$2:F$191,3,0) -> 13159501 | L65: =IFERROR(VLOOKUP(H65,[2]Sheet1!K$2:L$94,2,0),"") | M65: =IFERROR(VLOOKUP(H65,[2]Sheet1!K$372:L$648,2,0),"") | N65: =D65/I65*100 -> 22517713 | O65: =N65/J65 -> 20869.057 | P65: =K65/J65 -> 12196.016
A66: Chile | B66: 2021 | C66: Comercio al por mayor y al por menor y reparación de vehículos de motor y motocicletas | D66: 4.2925573e+09 | E66: 3.171441e+09 | F66: 7.4626081e+09 | G66: 57.520872 | H66: =_xlfn.CONCAT(A66,B66,C66) -> Chile2021Comercio al por mayor y al por menor y reparación de vehículos de motor y motocicletas | I66: 114.66887 | J66: =VLOOKUP(H66,[1]Hoja2!D$2:E$191,2,0) -> 1158227.6 | K66: =VLOOKUP(H66,[1]Hoja2!D$2:F$191,3,0) -> 1.9090266e+09 | L66: =IFERROR(VLOOKUP(H66,[2]Sheet1!K$2:L$94,2,0),"") | M66: =IFERROR(VLOOKUP(H66,[2]Sheet1!K$372:L$648,2,0),"") | N66: =D66/I66*100 -> 3.7434372e+09 | O66: =N66/J66 -> 3232.0392 | P66: =K66/J66 -> 1648.2309
A67: Chile | B67: 2021 | C67: Comercio al por mayor, excepto de vehículos de motor y motocicletas | D67: 1.5998332e+10 | E67: 1.4500891e+10 | F67: 3.0419064e+10 | G67: 52.593111 | H67: =_xlfn.CONCAT(A67,B67,C67) -> Chile2021Comercio al por mayor, excepto de vehículos de motor y motocicletas | I67: 114.66887 | J67: =VLOOKUP(H67,[1]Hoja2!D$2:E$191,2,0) -> 3593142.8 | K67: =VLOOKUP(H67,[1]Hoja2!D$2:F$191,3,0) -> 6.7052121e+09 | L67: =IFERROR(VLOOKUP(H67,[2]Sheet1!K$2:L$94,2,0),"") | M67: =IFERROR(VLOOKUP(H67,[2]Sheet1!K$372:L$648,2,0),"") | N67: =D67/I67*100 -> 1.3951765e+10 | O67: =N67/J67 -> 3882.8864 | P67: =K67/J67 -> 1866.1134
A68: Chile | B68: 2021 | C68: Comercio al por menor, excepto de vehículos de motor y motocicletas | D68: 1.216714e+10 | E68: 1.2287267e+10 | F68: 2.4232913e+10 | G68: 50.209152 | H68: =_xlfn.CONCAT(A68,B68,C68) -> Chile2021Comercio al por menor, excepto de vehículos de motor y motocicletas | I68: 114.66887 | J68: =VLOOKUP(H68,[1]Hoja2!D$2:E$191,2,0) -> 5306320.6 | K68: =VLOOKUP(H68,[1]Hoja2!D$2:F$191,3,0) -> 6.1335295e+09 | L68: =IFERROR(VLOOKUP(H68,[2]Sheet1!K$2:L$94,2,0),"") | M68: =IFERROR(VLOOKUP(H68,[2]Sheet1!K$372:L$648,2,0),"") | N68: =D68/I68*100 -> 1.0610674e+10 | O68: =N68/J68 -> 1999.6292 | P68: =K68/J68 -> 1155.8912
A69: Chile | B69: 2021 | C69: Actividades de edición | D69: 2.7227486e+08 | E69: 1.4292965e+08 | F69: 4.152045e+08 | G69: 65.576085 | H69: =_xlfn.CONCAT(A69,B69,C69) -> Chile2021Actividades de edición | I69: 92.899946 | J69: =VLOOKUP(H69,[1]Hoja2!D$2:E$191,2,0) -> 92111 | K69: =VLOOKUP(H69,[1]Hoja2!D$2:F$191,3,0) -> 1.8076035e+08 | L69: =IFERROR(VLOOKUP(H69,[2]Sheet1!K$2:L$94,2,0),"") | M69: =IFERROR(VLOOKUP(H69,[2]Sheet1!K$372:L$648,2,0),"") | N69: =D69/I69*100 -> 2.9308398e+08 | O69: =N69/J69 -> 3181.8565 | P69: =K69/J69 -> 1962.4187
A70: Chile | B70: 2021 | C70: Actividades de programación y radiodifusión | D70: 6.0945953e+08 | E70: 1.9384579e+08 | F70: 8.0330531e+08 | G70: 75.868977 | H70: =_xlfn.CONCAT(A70,B70,C70) -> Chile2021Actividades de programación y radiodifusión | I70: 92.899946 | J70: =VLOOKUP(H70,[1]Hoja2!D$2:E$191,2,0) -> 59201 | K70: =VLOOKUP(H70,[1]Hoja2!D$2:F$191,3,0) -> 1.1521235e+08 | L70: =IFERROR(VLOOKUP(H70,[2]Sheet1!K$2:L$94,2,0),"") | M70: =IFERROR(VLOOKUP(H70,[2]Sheet1!K$372:L$648,2,0),"") | N70: =D70/I70*100 -> 6.5603862e+08 | O70: =N70/J70 -> 11081.546 | P70: =K70/J70 -> 1946.1217
A71: Chile | B71: 2021 | C71: Actividades de servicios de información | D71: 2.2833767e+09 | E71: 1.857911e+09 | F71: 4.1412877e+09 | G71: 55.136877 | H71: =_xlfn.CONCAT(A71,B71,C71) -> Chile2021Actividades de servicios de información | I71: 92.899946 | J71: =VLOOKUP(H71,[1]Hoja2!D$2:E$191,2,0) -> 337733 | K71: =VLOOKUP(H71,[1]Hoja2!D$2:F$191,3,0) -> 1.2602022e+09 | L71: =IFERROR(VLOOKUP(H71,[2]Sheet1!K$2:L$94,2,0),"") | M71: =IFERROR(VLOOKUP(H71,[2]Sheet1!K$372:L$648,2,0),"") | N71: =D71/I71*100 -> 2.4578881e+09 | O71: =N71/J71 -> 7277.6071 | P71: =K71/J71 -> 3731.3565
A72: Chile | B72: 2021 | C72: Producción de películas, videos y programas de televisión, grabación de sonido y edición musical | D72: 1.9566222e+08 | E72: 1.2092698e+08 | F72: 3.165892e+08 | G72: 61.803188 | H72: =_xlfn.CONCAT(A72,B72,C72) -> Chile2021Producción de películas, videos y programas de televisión, grabación de sonido y edición musical | I72: 92.899946 | J72: =VLOOKUP(H72,[1]Hoja2!D$2:E$191,2,0) -> 78229 | K72: =VLOOKUP(H72,[1]Hoja2!D$2:F$191,3,0) -> 91040878 | L72: =IFERROR(VLOOKUP(H72,[2]Sheet1!K$2:L$94,2,0),"") | M72: =IFERROR(VLOOKUP(H72,[2]Sheet1!K$372:L$648,2,0),"") | N72: =D72/I72*100 -> 2.1061607e+08 | O72: =N72/J72 -> 2692.3017 | P72: =K72/J72 -> 1163.774
A73: Chile | B73: 2021 | C73: Programación de computadoras, consultoría y actividades relacionadas | D73: 2.3442425e+09 | E73: 1.1637839e+09 | F73: 3.5080264e+09 | G73: 66.825109 | H73: =_xlfn.CONCAT(A73,B73,C73) -> Chile2021Programación de computadoras, consultoría y actividades relacionadas | I73: 92.899946 | J73: =VLOOKUP(H73,[1]Hoja2!D$2:E$191,2,0) -> 757503 | K73: =VLOOKUP(H73,[1]Hoja2!D$2:F$191,3,0) -> 1.4558452e+09 | L73: =IFERROR(VLOOKUP(H73,[2]Sheet1!K$2:L$94,2,0),"") | M73: =IFERROR(VLOOKUP(H73,[2]Sheet1!K$372:L$648,2,0),"") | N73: =D73/I73*100 -> 2.5234056e+09 | O73: =N73/J73 -> 3331.2154 | P73: =K73/J73 -> 1921.9003
A74: Chile | B74: 2021 | C74: Actividades inmobiliarias | D74: 5.5335644e+09 | E74: 2.2386817e+09 | F74: 7.7722461e+09 | G74: 71.196464 | H74: =_xlfn.CONCAT(A74,B74,C74) -> Chile2021Actividades inmobiliarias | J74: =VLOOKUP(H74,[1]Hoja2!D$2:E$191,2,0) -> 369538 | K74: =VLOOKUP(H74,[1]Hoja2!D$2:F$191,3,0) -> 6.2983507e+08 | L74: =IFERROR(VLOOKUP(H74,[2]Sheet1!K$2:L$94,2,0),"") | M74: =IFERROR(VLOOKUP(H74,[2]Sheet1!K$372:L$648,2,0),"") | N74: =D74/I74*100 -> #VALUE! | O74: =N74/J74 -> #VALUE! | P74: =K74/J74 -> 1704.3851
A75: Chile | B75: 2022 | C75: Elaboración de productos alimenticios | D75: 5.5895002e+09 | E75: 2.3480553e+10 | F75: 2.9070055e+10 | G75: 19.22769 | H75: =_xlfn.CONCAT(A75,B75,C75) -> Chile2022Elaboración de productos alimenticios | I75: 138.22615 | J75: =VLOOKUP(H75,[1]Hoja2!D$2:E$191,2,0) -> 169707 | K75: 2066801275 | L75: =IFERROR(VLOOKUP(H75,[2]Sheet1!K$2:L$94,2,0),"") | M75: =IFERROR(VLOOKUP(H75,[2]Sheet1!K$372:L$648,2,0),"") | N75: =D75/I75*100 -> 4.0437357e+09 | O75: =N75/J75 -> 23827.748 | P75: =K75/J75 -> 12178.645
A76: Chile | B76: 2022 | C76: Fabricación de prendas de vestir | D76: 52745493 | E76: 79241821 | F76: 1.3198731e+08 | G76: 39.962547 | H76: =_xlfn.CONCAT(A76,B76,C76) -> Chile2022Fabricación de prendas de vestir | I76: 56.53987 | J76: =VLOOKUP(H76,[1]Hoja2!D$2:E$191,2,0) -> 2743 | K76: =VLOOKUP(H76,[1]Hoja2!D$2:F$191,3,0) -> 26554167 | L76: =IFERROR(VLOOKUP(H76,[2]Sheet1!K$2:L$94,2,0),"") | M76: =IFERROR(VLOOKUP(H76,[2]Sheet1!K$372:L$648,2,0),"") | N76: =D76/I76*100 -> 93289025 | O76: =N76/J76 -> 34009.852 | P76: =K76/J76 -> 9680.7027
A77: Chile | B77: 2022 | C77: Fabricación de productos de cuero y productos conexos | D77: 25730460 | E77: 26143204 | F77: 51873664 | G77: 49.602164 | H77: =_xlfn.CONCAT(A77,B77,C77) -> Chile2022Fabricación de productos de cuero y productos conexos | I77: 56.53987 | J77: =VLOOKUP(H77,[1]Hoja2!D$2:E$191,2,0) -> 1044 | K77: =VLOOKUP(H77,[1]Hoja2!D$2:F$191,3,0) -> 15117170 | L77: =IFERROR(VLOOKUP(H77,[2]Sheet1!K$2:L$94,2,0),"") | M77: =IFERROR(VLOOKUP(H77,[2]Sheet1!K$372:L$648,2,0),"") | N77: =D77/I77*100 -> 45508524 | O77: =N77/J77 -> 43590.54 | P77: =K77/J77 -> 14480.048
A78: Chile | B78: 2022 | C78: Fabricación de vehículos automotores, remolques y semirremolques | D78: 21303951 | E78: 47770467 | F78: 69074417 | G78: 30.842027 | H78: =_xlfn.CONCAT(A78,B78,C78) -> Chile2022Fabricación de vehículos automotores, remolques y semirremolques | I78: 123.96393 | J78: =VLOOKUP(H78,[1]Hoja2!D$2:E$191,2,0) -> 792 | K78: =VLOOKUP(H78,[1]Hoja2!D$2:F$191,3,0) -> 11261675 | L78: =IFERROR(VLOOKUP(H78,[2]Sheet1!K$2:L$94,2,0),"") | M78: =IFERROR(VLOOKUP(H78,[2]Sheet1!K$372:L$648,2,0),"") | N78: =D78/I78*100 -> 17185604 | O78: =N78/J78 -> 21698.996 | P78: =K78/J78 -> 14219.287
A79: Chile | B79: 2022 | C79: Comercio al por mayor y al por menor y reparación de vehículos de motor y motocicletas | D79: 5.0240729e+09 | E79: 3.3023925e+09 | F79: 8.3114139e+09 | G79: 60.447872 | H79: =_xlfn.CONCAT(A79,B79,C79) -> Chile2022Comercio al por mayor y al por menor y reparación de vehículos de motor y motocicletas | I79: 120.37242 | J79: =VLOOKUP(H79,[1]Hoja2!D$2:E$191,2,0) -> 1237926.9 | K79: =VLOOKUP(H79,[1]Hoja2!D$2:F$191,3,0) -> 2.1576065e+09 | L79: =IFERROR(VLOOKUP(H79,[2]Sheet1!K$2:L$94,2,0),"") | M79: =IFERROR(VLOOKUP(H79,[2]Sheet1!K$372:L$648,2,0),"") | N79: =D79/I79*100 -> 4.173774e+09 | O79: =N79/J79 -> 3371.5835 | P79: =K79/J79 -> 1742.9191
A80: Chile | B80: 2022 | C80: Comercio al por mayor, excepto de vehículos de motor y motocicletas | D80: 2.2130238e+10 | E80: 1.6533065e+10 | F80: 3.8576627e+10 | G80: 57.366958 | H80: =_xlfn.CONCAT(A80,B80,C80) -> Chile2022Comercio al por mayor, excepto de vehículos de motor y motocicletas | I80: 120.37242 | J80: =VLOOKUP(H80,[1]Hoja2!D$2:E$191,2,0) -> 5249696.3 | K80: =VLOOKUP(H80,[1]Hoja2!D$2:F$191,3,0) -> 9.4321527e+09 | L80: =IFERROR(VLOOKUP(H80,[2]Sheet1!K$2:L$94,2,0),"") | M80: =IFERROR(VLOOKUP(H80,[2]Sheet1!K$372:L$648,2,0),"") | N80: =D80/I80*100 -> 1.8384807e+10 | O80: =N80/J80 -> 3502.0706 | P80: =K80/J80 -> 1796.7045
A81: Chile | B81: 2022 | C81: Comercio al por menor, excepto de vehículos de motor y motocicletas | D81: 1.2623061e+10 | E81: 1.2287584e+10 | F81: 2.4799946e+10 | G81: 50.899551 | H81: =_xlfn.CONCAT(A81,B81,C81) -> Chile2022Comercio al por menor, excepto de vehículos de motor y motocicletas | I81: 120.37242 | J81: =VLOOKUP(H81,[1]Hoja2!D$2:E$191,2,0) -> 6235010.3 | K81: =VLOOKUP(H81,[1]Hoja2!D$2:F$191,3,0) -> 6.9513993e+09 | L81: =IFERROR(VLOOKUP(H81,[2]Sheet1!K$2:L$94,2,0),"") | M81: =IFERROR(VLOOKUP(H81,[2]Sheet1!K$372:L$648,2,0),"") | N81: =D81/I81*100 -> 1.0486672e+10 | O81: =N81/J81 -> 1681.9013 | P81: =K81/J81 -> 1114.8978
A82: Chile | B82: 2022 | C82: Actividades de edición | D82: 4.3321533e+08 | E82: 3.5858305e+08 | F82: 7.9179838e+08 | G82: 54.712834 | H82: =_xlfn.CONCAT(A82,B82,C82) -> Chile2022Actividades de edición | I82: 94.646742 | J82: =VLOOKUP(H82,[1]Hoja2!D$2:E$191,2,0) -> 154394.12 | K82: =VLOOKUP(H82,[1]Hoja2!D$2:F$191,3,0) -> 2.5349341e+08 | L82: =IFERROR(VLOOKUP(H82,[2]Sheet1!K$2:L$94,2,0),"") | M82: =IFERROR(VLOOKUP(H82,[2]Sheet1!K$372:L$648,2,0),"") | N82: =D82/I82*100 -> 4.5771817e+08 | O82: =N82/J82 -> 2964.6089 | P82: =K82/J82 -> 1641.8592
A83: Chile | B83: 2022 | C83: Actividades de programación y radiodifusión | D83: 8.8157769e+08 | E83: 3.9924763e+08 | F83: 1.2808253e+09 | G83: 68.828878 | H83: =_xlfn.CONCAT(A83,B83,C83) -> Chile2022Actividades de programación y radiodifusión | I83: 94.646742 | J83: =VLOOKUP(H83,[1]Hoja2!D$2:E$191,2,0) -> 183737.59 | K83: =VLOOKUP(H83,[1]Hoja2!D$2:F$191,3,0) -> 2.5127969e+08 | L83: =IFERROR(VLOOKUP(H83,[2]Sheet1!K$2:L$94,2,0),"") | M83: =IFERROR(VLOOKUP(H83,[2]Sheet1!K$372:L$648,2,0),"") | N83: =D83/I83*100 -> 9.3144008e+08 | O83: =N83/J83 -> 5069.4041 | P83: =K83/J83 -> 1367.6009
A84: Chile | B84: 2022 | C84: Actividades de servicios de información | D84: 1.6917426e+09 | E84: 8.1452596e+08 | F84: 2.4798475e+09 | G84: 68.219622 | H84: =_xlfn.CONCAT(A84,B84,C84) -> Chile2022Actividades de servicios de información | I84: 94.646742 | J84: =VLOOKUP(H84,[1]Hoja2!D$2:E$191,2,0) -> 432646.94 | K84: =VLOOKUP(H84,[1]Hoja2!D$2:F$191,3,0) -> 7.5222511e+08 | L84: =IFERROR(VLOOKUP(H84,[2]Sheet1!K$2:L$94,2,0),"") | M84: =IFERROR(VLOOKUP(H84,[2]Sheet1!K$372:L$648,2,0),"") | N84: =D84/I84*100 -> 1.7874283e+09 | O84: =N84/J84 -> 4131.3785 | P84: =K84/J84 -> 1738.6581
A85: Chile | B85: 2022 | C85: Producción de películas, videos y programas de televisión, grabación de sonido y edición musical | D85: 6.7715462e+08 | E85: 5.4379238e+08 | F85: 1.220947e+09 | G85: 55.461426 | H85: =_xlfn.CONCAT(A85,B85,C85) -> Chile2022Producción de películas, videos y programas de televisión, grabación de sonido y edición musical | I85: 94.646742 | J85: =VLOOKUP(H85,[1]Hoja2!D$2:E$191,2,0) -> 253206.02 | K85: =VLOOKUP(H85,[1]Hoja2!D$2:F$191,3,0) -> 3.1375648e+08 | L85: =IFERROR(VLOOKUP(H85,[2]Sheet1!K$2:L$94,2,0),"") | M85: =IFERROR(VLOOKUP(H85,[2]Sheet1!K$372:L$648,2,0),"") | N85: =D85/I85*100 -> 7.1545477e+08 | O85: =N85/J85 -> 2825.5835 | P85: =K85/J85 -> 1239.1351
A86: Chile | B86: 2022 | C86: Programación de computadoras, consultoría y actividades relacionadas | D86: 6.8048841e+09 | E86: 4.5095091e+09 | F86: 1.1314393e+10 | G86: 60.143606 | H86: =_xlfn.CONCAT(A86,B86,C86) -> Chile2022Programación de computadoras, consultoría y actividades relacionadas | I86: 94.646742 | J86: =VLOOKUP(H86,[1]Hoja2!D$2:E$191,2,0) -> 2252775.1 | K86: =VLOOKUP(H86,[1]Hoja2!D$2:F$191,3,0) -> 3.9652915e+09 | L86: =IFERROR(VLOOKUP(H86,[2]Sheet1!K$2:L$94,2,0),"") | M86: =IFERROR(VLOOKUP(H86,[2]Sheet1!K$372:L$648,2,0),"") | N86: =D86/I86*100 -> 7.1897711e+09 | O86: =N86/J86 -> 3191.5175 | P86: =K86/J86 -> 1760.1808
A87: Chile | B87: 2022 | C87: Actividades inmobiliarias | D87: 8.2709899e+09 | E87: 7.0256468e+09 | F87: 1.5296637e+10 | G87: 54.070644 | H87: =_xlfn.CONCAT(A87,B87,C87) -> Chile2022Actividades inmobiliarias | J87: =VLOOKUP(H87,[1]Hoja2!D$2:E$191,2,0) -> 2307037.4 | K87: =VLOOKUP(H87,[1]Hoja2!D$2:F$191,3,0) -> 2.3865128e+09 | L87: =IFERROR(VLOOKUP(H87,[2]Sheet1!K$2:L$94,2,0),"") | M87: =IFERROR(VLOOKUP(H87,[2]Sheet1!K$372:L$648,2,0),"") | N87: =D87/I87*100 -> #VALUE! | O87: =N87/J87 -> #VALUE! | P87: =K87/J87 -> 1034.4491
A88: México | B88: 2016 | C88: Elaboración de productos alimenticios | D88: 2.0766384e+10 | E88: 3.9236204e+10 | F88: 6.0002588e+10 | G88: 34.609147 | H88: =_xlfn.CONCAT(A88,B88,C88) -> México2016Elaboración de productos alimenticios | I88: 92.1 | J88: =VLOOKUP(H88,[1]Hoja2!D$2:E$191,2,0) -> 1514326 | K88: =VLOOKUP(H88,[1]Hoja2!D$2:F$191,3,0) -> 3.1821361e+09 | L88: =IFERROR(VLOOKUP(H88,[2]Sheet1!K$2:L$94,2,0),"") | M88: =IFERROR(VLOOKUP(H88,[2]Sheet1!K$372:L$648,2,0),"") | N88: =D88/I88*100 -> 2.2547648e+10 | O88: =N88/J88 -> 14889.56 | P88: =K88/J88 -> 2101.3547
A89: México | B89: 2016 | C89: Fabricación de prendas de vestir | D89: 1.5844607e+09 | E89: 2.3924686e+09 | F89: 3.9769293e+09 | G89: 39.84131 | H89: =_xlfn.CONCAT(A89,B89,C89) -> México2016Fabricación de prendas de vestir | I89: 95.2 | J89: =VLOOKUP(H89,[1]Hoja2!D$2:E$191,2,0) -> 300804 | K89: =VLOOKUP(H89,[1]Hoja2!D$2:F$191,3,0) -> 6.9547672e+08 | L89: =IFERROR(VLOOKUP(H89,[2]Sheet1!K$2:L$94,2,0),"") | M89: =IFERROR(VLOOKUP(H89,[2]Sheet1!K$372:L$648,2,0),"") | N89: =D89/I89*100 -> 1.6643495e+09 | O89: =N89/J89 -> 5533.0031 | P89: =K89/J89 -> 2312.0594
A90: México | B90: 2016 | C90: Fabricación de productos de cuero y productos conexos | D90: 9.4805796e+08 | E90: 1.8273497e+09 | F90: 2.7754076e+09 | G90: 34.159233 | H90: =_xlfn.CONCAT(A90,B90,C90) -> México2016Fabricación de productos de cuero y productos conexos | I90: 93.8 | J90: =VLOOKUP(H90,[1]Hoja2!D$2:E$191,2,0) -> 145519 | K90: =VLOOKUP(H90,[1]Hoja2!D$2:F$191,3,0) -> 3.835654e+08 | L90: =IFERROR(VLOOKUP(H90,[2]Sheet1!K$2:L$94,2,0),"") | M90: =IFERROR(VLOOKUP(H90,[2]Sheet1!K$372:L$648,2,0),"") | N90: =D90/I90*100 -> 1.0107228e+09 | O90: =N90/J90 -> 6945.6412 | P90: =K90/J90 -> 2635.8441
A91: México | B91: 2016 | C91: Fabricación de vehículos automotores, remolques y semirremolques | D91: 1.4873017e+10 | E91: 5.0026432e+10 | F91: 6.4899449e+10 | G91: 22.917016 | H91: =_xlfn.CONCAT(A91,B91,C91) -> México2016Fabricación de vehículos automotores, remolques y semirremolques | I91: 93.3 | J91: =VLOOKUP(H91,[1]Hoja2!D$2:E$191,2,0) -> 169653 | K91: =VLOOKUP(H91,[1]Hoja2!D$2:F$191,3,0) -> 1.3344312e+09 | L91: =IFERROR(VLOOKUP(H91,[2]Sheet1!K$2:L$94,2,0),"") | M91: =IFERROR(VLOOKUP(H91,[2]Sheet1!K$372:L$648,2,0),"") | N91: =D91/I91*100 -> 1.5941069e+10 | O91: =N91/J91 -> 93962.788 | P91: =K91/J91 -> 7865.6506
A92: México | B92: 2016 | C92: Comercio al por mayor y al por menor y reparación de vehículos de motor y motocicletas | D92: 4.635143e+09 | E92: 5.0536627e+10 | F92: 5.517177e+10 | G92: 8.4012947 | H92: =_xlfn.CONCAT(A92,B92,C92) -> México2016Comercio al por mayor y al por menor y reparación de vehículos de motor y motocicletas | I92: 89.8 | J92: =VLOOKUP(H92,[1]Hoja2!D$2:E$191,2,0) -> 626743 | K92: =VLOOKUP(H92,[1]Hoja2!D$2:F$191,3,0) -> 1.1618111e+09 | L92: =IFERROR(VLOOKUP(H92,[2]Sheet1!K$2:L$94,2,0),"") | M92: =IFERROR(VLOOKUP(H92,[2]Sheet1!K$372:L$648,2,0),"") | N92: =D92/I92*100 -> 5.1616292e+09 | O92: =N92/J92 -> 8235.6391 | P92: =K92/J92 -> 1853.7281
A93: México | B93: 2016 | C93: Comercio al por mayor, excepto de vehículos de motor y motocicletas | D93: 1.9144942e+10 | E93: 9.8495191e+10 | F93: 1.1764013e+11 | G93: 16.274159 | H93: =_xlfn.CONCAT(A93,B93,C93) -> México2016Comercio al por mayor, excepto de vehículos de motor y motocicletas | I93: 89.823983 | J93: =VLOOKUP(H93,[1]Hoja2!D$2:E$191,2,0) -> 779287 | K93: =VLOOKUP(H93,[1]Hoja2!D$2:F$191,3,0) -> 2.7899177e+09 | L93: =IFERROR(VLOOKUP(H93,[2]Sheet1!K$2:L$94,2,0),"") | M93: =IFERROR(VLOOKUP(H93,[2]Sheet1!K$372:L$648,2,0),"") | N93: =D93/I93*100 -> 2.1313842e+10 | O93: =N93/J93 -> 27350.44 | P93: =K93/J93 -> 3580.0902
A94: México | B94: 2016 | C94: Comercio al por menor, excepto de vehículos de motor y motocicletas | D94: 3.5043466e+10 | E94: 2.1792971e+11 | F94: 2.5297317e+11 | G94: 13.852641 | H94: =_xlfn.CONCAT(A94,B94,C94) -> México2016Comercio al por menor, excepto de vehículos de motor y motocicletas | I94: 89.818613 | J94: =VLOOKUP(H94,[1]Hoja2!D$2:E$191,2,0) -> 10329645 | K94: =VLOOKUP(H94,[1]Hoja2!D$2:F$191,3,0) -> 7.841247e+09 | L94: =IFERROR(VLOOKUP(H94,[2]Sheet1!K$2:L$94,2,0),"") | M94: =IFERROR(VLOOKUP(H94,[2]Sheet1!K$372:L$648,2,0),"") | N94: =D94/I94*100 -> 3.9015818e+10 | O94: =N94/J94 -> 3777.0725 | P94: =K94/J94 -> 759.1013
A95: México | B95: 2016 | C95: Actividades inmobiliarias | D95: 1.2281927e+09 | E95: 5.4075335e+08 | F95: 1.768946e+09 | G95: 69.430761 | H95: =_xlfn.CONCAT(A95,B95,C95) -> México2016Actividades inmobiliarias | I95: 90.490165 | J95: =VLOOKUP(H95,[1]Hoja2!D$2:E$191,2,0) -> 46261 | K95: =VLOOKUP(H95,[1]Hoja2!D$2:F$191,3,0) -> 8535.1212 | L95: =IFERROR(VLOOKUP(H95,[2]Sheet1!K$2:L$94,2,0),"") | M95: =IFERROR(VLOOKUP(H95,[2]Sheet1!K$372:L$648,2,0),"") | N95: =D95/I95*100 -> 1.3572665e+09 | O95: =N95/J95 -> 29339.324 | P95: =K95/J95 -> 0.18449928
A96: México | B96: 2017 | C96: Elaboración de productos alimenticios | D96: 2.2165871e+10 | E96: 4.1344508e+10 | F96: 6.3510379e+10 | G96: 34.901179 | H96: =_xlfn.CONCAT(A96,B96,C96) -> México2017Elaboración de productos alimenticios | I96: 87.983051 | J96: =VLOOKUP(H96,[1]Hoja2!D$2:E$191,2,0) -> 1530819 | K96: =VLOOKUP(H96,[1]Hoja2!D$2:F$191,3,0) -> 3.3218875e+09 | L96: =IFERROR(VLOOKUP(H96,[2]Sheet1!K$2:L$94,2,0),"") | M96: =IFERROR(VLOOKUP(H96,[2]Sheet1!K$372:L$648,2,0),"") | N96: =D96/I96*100 -> 2.5193342e+10 | O96: =N96/J96 -> 16457.427 | P96: =K96/J96 -> 2170.0067
A97: México | B97: 2017 | C97: Fabricación de prendas de vestir | D97: 1.6308217e+09 | E97: 2.4639341e+09 | F97: 4.0947558e+09 | G97: 39.827081 | H97: =_xlfn.CONCAT(A97,B97,C97) -> México2017Fabricación de prendas de vestir | I97: 88.944036 | J97: =VLOOKUP(H97,[1]Hoja2!D$2:E$191,2,0) -> 293431 | K97: =VLOOKUP(H97,[1]Hoja2!D$2:F$191,3,0) -> 7.1427914e+08 | L97: =IFERROR(VLOOKUP(H97,[2]Sheet1!K$2:L$94,2,0),"") | M97: =IFERROR(VLOOKUP(H97,[2]Sheet1!K$372:L$648,2,0),"") | N97: =D97/I97*100 -> 1.8335369e+09 | O97: =N97/J97 -> 6248.6134 | P97: =K97/J97 -> 2434.232
A98: México | B98: 2017 | C98: Fabricación de productos de cuero y productos conexos | D98: 6.783487e+08 | E98: 1.240132e+09 | F98: 1.9184807e+09 | G98: 35.358641 | H98: =_xlfn.CONCAT(A98,B98,C98) -> México2017Fabricación de productos de cuero y productos conexos | I98: 98.961476 | J98: =VLOOKUP(H98,[1]Hoja2!D$2:E$191,2,0) -> 115282 | K98: =VLOOKUP(H98,[1]Hoja2!D$2:F$191,3,0) -> 2.9754667e+08 | L98: =IFERROR(VLOOKUP(H98,[2]Sheet1!K$2:L$94,2,0),"") | M98: =IFERROR(VLOOKUP(H98,[2]Sheet1!K$372:L$648,2,0),"") | N98: =D98/I98*100 -> 6.8546744e+08 | O98: =N98/J98 -> 5946.0058 | P98: =K98/J98 -> 2581.0332
A99: México | B99: 2017 | C99: Fabricación de vehículos automotores, remolques y semirremolques | D99: 1.8139682e+10 | E99: 6.0649624e+10 | F99: 7.8789306e+10 | G99: 23.023026 | H99: =_xlfn.CONCAT(A99,B99,C99) -> México2017Fabricación de vehículos automotores, remolques y semirremolques | I99: 105.80766 | J99: =VLOOKUP(H99,[1]Hoja2!D$2:E$191,2,0) -> 188879 | K99: =VLOOKUP(H99,[1]Hoja2!D$2:F$191,3,0) -> 1.5274753e+09 | L99: =IFERROR(VLOOKUP(H99,[2]Sheet1!K$2:L$94,2,0),"") | M99: =IFERROR(VLOOKUP(H99,[2]Sheet1!K$372:L$648,2,0),"") | N99: =D99/I99*100 -> 1.7144017e+10 | O99: =N99/J99 -> 90767.195 | P99: =K99/J99 -> 8087.0571
A100: México | B100: 2017 | C100: Comercio al por mayor y al por menor y reparación de vehículos de motor y motocicletas | D100: 4.3379875e+09 | E100: 5.2782161e+10 | F100: 5.7120149e+10 | G100: 7.5944961 | H100: =_xlfn.CONCAT(A100,B100,C100) -> México2017Comercio al por mayor y al por menor y reparación de vehículos de motor y motocicletas | I100: 96.7 | J100: =VLOOKUP(H100,[1]Hoja2!D$2:E$191,2,0) -> 639743 | K100: =VLOOKUP(H100,[1]Hoja2!D$2:F$191,3,0) -> 1.2196577e+09 | L100: =IFERROR(VLOOKUP(H100,[2]Sheet1!K$2:L$94,2,0),"") | M100: =IFERROR(VLOOKUP(H100,[2]Sheet1!K$372:L$648,2,0),"") | N100: =D100/I100*100 -> 4.4860263e+09 | O100: =N100/J100 -> 7012.232 | P100: =K100/J100 -> 1906.4807
A101: México | B101: 2017 | C101: Comercio al por mayor, excepto de vehículos de motor y motocicletas | D101: 1.8831097e+10 | E101: 1.0438657e+11 | F101: 1.2321767e+11 | G101: 15.282789 | H101: =_xlfn.CONCAT(A101,B101,C101) -> México2017Comercio al por mayor, excepto de vehículos de motor y motocicletas | I101: 96.6 | J101: =VLOOKUP(H101,[1]Hoja2!D$2:E$191,2,0) -> 795803 | K101: =VLOOKUP(H101,[1]Hoja2!D$2:F$191,3,0) -> 2.8386951e+09 | L101: =IFERROR(VLOOKUP(H101,[2]Sheet1!K$2:L$94,2,0),"") | M101: =IFERROR(VLOOKUP(H101,[2]Sheet1!K$372:L$648,2,0),"") | N101: =D101/I100*100 -> 1.947373e+10 | O101: =N101/J101 -> 24470.541 | P101: =K101/J101 -> 3567.0827
A102: México | B102: 2017 | C102: Comercio al por menor, excepto de vehículos de motor y motocicletas | D102: 3.7464705e+10 | E102: 2.3405835e+11 | F102: 2.7152305e+11 | G102: 13.797983 | H102: =_xlfn.CONCAT(A102,B102,C102) -> México2017Comercio al por menor, excepto de vehículos de motor y motocicletas | I102: 97.8 | J102: =VLOOKUP(H102,[1]Hoja2!D$2:E$191,2,0) -> 10526777 | K102: =VLOOKUP(H102,[1]Hoja2!D$2:F$191,3,0) -> 8.2009885e+09 | L102: =IFERROR(VLOOKUP(H102,[2]Sheet1!K$2:L$94,2,0),"") | M102: =IFERROR(VLOOKUP(H102,[2]Sheet1!K$372:L$648,2,0),"") | N102: =D102/I101*100 -> 3.8783338e+10 | O102: =N102/J102 -> 3684.2557 | P102: =K102/J102 -> 779.05978
A103: México | B103: 2017 | C103: Actividades inmobiliarias | D103: 1.3432632e+09 | E103: 5.505573e+08 | F103: 1.8938205e+09 | G103: 70.928749 | H103: =_xlfn.CONCAT(A103,B103,C103) -> México2017Actividades inmobiliarias | J103: =VLOOKUP(H103,[1]Hoja2!D$2:E$191,2,0) -> 43166 | K103: =VLOOKUP(H103,[1]Hoja2!D$2:F$191,3,0) -> 7825.0004 | L103: =IFERROR(VLOOKUP(H103,[2]Sheet1!K$2:L$94,2,0),"") | M103: =IFERROR(VLOOKUP(H103,[2]Sheet1!K$372:L$648,2,0),"") | N103: =D103/I102*100 -> 1.3734797e+09 | O103: =N103/J103 -> 31818.555 | P103: =K103/J103 -> 0.18127694
A104: México | B104: 2018 | C104: Elaboración de productos alimenticios | D104: 2.2656029e+10 | E104: 4.2754514e+10 | F104: 6.5410543e+10 | G104: 34.636663 | H104: =_xlfn.CONCAT(A104,B104,C104) -> México2018Elaboración de productos alimenticios | I104: 97 | J104: =VLOOKUP(H104,[1]Hoja2!D$2:E$191,2,0) -> 1527231 | K104: =VLOOKUP(H104,[1]Hoja2!D$2:F$191,3,0) -> 3.4684816e+09 | L104: =IFERROR(VLOOKUP(H104,[2]Sheet1!K$2:L$94,2,0),"") | M104: =IFERROR(VLOOKUP(H104,[2]Sheet1!K$372:L$648,2,0),"") | N104: =D104/I104*100 -> 2.3356731e+10 | O104: =N104/J104 -> 15293.515 | P104: =K104/J104 -> 2271.0917
A105: México | B105: 2018 | C105: Fabricación de prendas de vestir | D105: 1.680877e+09 | E105: 2.5161062e+09 | F105: 4.1969832e+09 | G105: 40.049648 | H105: =_xlfn.CONCAT(A105,B105,C105) -> México2018Fabricación de prendas de vestir | I105: 96 | J105: =VLOOKUP(H105,[1]Hoja2!D$2:E$191,2,0) -> 287226 | K105: =VLOOKUP(H105,[1]Hoja2!D$2:F$191,3,0) -> 7.2540356e+08 | L105: =IFERROR(VLOOKUP(H105,[2]Sheet1!K$2:L$94,2,0),"") | M105: =IFERROR(VLOOKUP(H105,[2]Sheet1!K$372:L$648,2,0),"") | N105: =D105/I105*100 -> 1.7509135e+09 | O105: =N105/J105 -> 6095.9437 | P105: =K105/J105 -> 2525.5498
A106: México | B106: 2018 | C106: Fabricación de productos de cuero y productos conexos | D106: 7.1768207e+08 | E106: 1.2399912e+09 | F106: 1.9576733e+09 | G106: 36.659951 | H106: =_xlfn.CONCAT(A106,B106,C106) -> México2018Fabricación de productos de cuero y productos conexos | I106: 95.815867 | J106: =VLOOKUP(H106,[1]Hoja2!D$2:E$191,2,0) -> 111507 | K106: =VLOOKUP(H106,[1]Hoja2!D$2:F$191,3,0) -> 3.0070434e+08 | L106: =IFERROR(VLOOKUP(H106,[2]Sheet1!K$2:L$94,2,0),"") | M106: =IFERROR(VLOOKUP(H106,[2]Sheet1!K$372:L$648,2,0),"") | N106: =D106/I106*100 -> 7.4902215e+08 | O106: =N106/J106 -> 6717.2658 | P106: =K106/J106 -> 2696.7306
A107: México | B107: 2018 | C107: Fabricación de vehículos automotores, remolques y semirremolques | D107: 1.9496253e+10 | E107: 6.4528576e+10 | F107: 8.4024829e+10 | G107: 23.202967 | H107: =_xlfn.CONCAT(A107,B107,C107) -> México2018Fabricación de vehículos automotores, remolques y semirremolques | I107: 96.105184 | J107: =VLOOKUP(H107,[1]Hoja2!D$2:E$191,2,0) -> 202555 | K107: =VLOOKUP(H107,[1]Hoja2!D$2:F$191,3,0) -> 1.7289652e+09 | L107: =IFERROR(VLOOKUP(H107,[2]Sheet1!K$2:L$94,2,0),"") | M107: =IFERROR(VLOOKUP(H107,[2]Sheet1!K$372:L$648,2,0),"") | N107: =D107/I107*100 -> 2.028637e+10 | O107: =N107/J107 -> 100152.4 | P107: =K107/J107 -> 8535.7816
A108: México | B108: 2018 | C108: Comercio al por mayor y al por menor y reparación de vehículos de motor y motocicletas | D108: 9.1755955e+09 | E108: 4.4843263e+10 | F108: 5.4018859e+10 | G108: =D108/F108*100 -> 16.985912 | I108: 100 | J108: 420406 | K108: 1.4466482e+09 | L108: =IFERROR(VLOOKUP(H108,[2]Sheet1!K$2:L$94,2,0),"") | M108: =IFERROR(VLOOKUP(H108,[2]Sheet1!K$372:L$648,2,0),"") | N108: =D108/I108*100 -> 9.1755955e+09 | O108: =N108/J108 -> 21825.558 | P108: =K108/J108 -> 3441.0741
A109: México | B109: 2018 | C109: Comercio al por mayor, excepto de vehículos de motor y motocicletas | D109: 5.9300356e+10 | E109: 2.5975835e+11 | F109: 3.1905871e+11 | G109: =D109/F109*100 -> 18.586033 | I109: 100 | J109: 1561961 | K109: 9.2323208e+09 | L109: =IFERROR(VLOOKUP(H109,[2]Sheet1!K$2:L$94,2,0),"") | M109: =IFERROR(VLOOKUP(H109,[2]Sheet1!K$372:L$648,2,0),"") | N109: =D109/I109*100 -> 5.9300356e+10 | O109: =N109/J109 -> 37965.324 | P109: =K109/J109 -> 5910.7243
A110: México | B110: 2018 | C110: Comercio al por menor, excepto de vehículos de motor y motocicletas | D110: 4.7405162e+10 | E110: 2.1705025e+11 | F110: 2.6445542e+11 | G110: =D110/F110*100 -> 17.925578 | I110: 100 | J110: 5622189 | K110: 9.252371e+09 | L110: =IFERROR(VLOOKUP(H110,[2]Sheet1!K$2:L$94,2,0),"") | M110: =IFERROR(VLOOKUP(H110,[2]Sheet1!K$372:L$648,2,0),"") | N110: =D110/I110*100 -> 4.7405162e+10 | O110: =N110/J110 -> 8431.7979 | P110: =K110/J110 -> 1645.6884
A111: México | B111: 2018 | C111: Actividades de edición | D111: 8.8242982e+08 | E111: 6.4646223e+08 | F111: 1.5288921e+09 | G111: 57.716948 | H111: =_xlfn.CONCAT(A111,B111,C111) -> México2018Actividades de edición | I111: 99.664134 | J111: =VLOOKUP(H111,[1]Hoja2!D$2:E$191,2,0) -> 69541 | K111: =VLOOKUP(H111,[1]Hoja2!D$2:F$191,3,0) -> 3.3040538e+08 | L111: =IFERROR(VLOOKUP(H111,[2]Sheet1!K$2:L$94,2,0),"") | M111: =IFERROR(VLOOKUP(H111,[2]Sheet1!K$372:L$648,2,0),"") | N111: =D111/I111*100 -> 8.8540359e+08 | O111: =N111/J111 -> 12732.109 | P111: =K111/J111 -> 4751.2313
A112: México | B112: 2018 | C112: Actividades de programación y radiodifusión | D112: 8.6107664e+08 | E112: 1.0972056e+09 | F112: 1.9582823e+09 | G112: 43.971017 | H112: =_xlfn.CONCAT(A112,B112,C112) -> México2018Actividades de programación y radiodifusión | I112: 99.987775 | J112: =VLOOKUP(H112,[1]Hoja2!D$2:E$191,2,0) -> 19805 | K112: =VLOOKUP(H112,[1]Hoja2!D$2:F$191,3,0) -> 69789605 | L112: =IFERROR(VLOOKUP(H112,[2]Sheet1!K$2:L$94,2,0),"") | M112: =IFERROR(VLOOKUP(H112,[2]Sheet1!K$372:L$648,2,0),"") | N112: =D112/I112*100 -> 8.6118191e+08 | O112: =N112/J112 -> 43483.056 | P112: =K112/J112 -> 3523.8377
A113: México | B113: 2018 | C113: Actividades de servicios de información | D113: 5.4864807e+08 | E113: 2.1795762e+08 | F113: 7.666057e+08 | G113: 71.568484 | H113: =_xlfn.CONCAT(A113,B113,C113) -> México2018Actividades de servicios de información | I113: 100 | J113: =VLOOKUP(H113,[1]Hoja2!D$2:E$191,2,0) -> 32537 | K113: =VLOOKUP(H113,[1]Hoja2!D$2:F$191,3,0) -> 1.9027827e+08 | L113: =IFERROR(VLOOKUP(H113,[2]Sheet1!K$2:L$94,2,0),"") | M113: =IFERROR(VLOOKUP(H113,[2]Sheet1!K$372:L$648,2,0),"") | N113: =D113/I113*100 -> 5.4864807e+08 | O113: =N113/J113 -> 16862.282 | P113: =K113/J113 -> 5848.0581
A114: México | B114: 2018 | C114: Producción de películas, videos y programas de televisión, grabación de sonido y edición musical | D114: 2.770488e+09 | E114: 1.9835613e+09 | F114: 4.7540494e+09 | G114: 58.276383 | H114: =_xlfn.CONCAT(A114,B114,C114) -> México2018Producción de películas, videos y programas de televisión, grabación de sonido y edición musical | I114: 100 | J114: =VLOOKUP(H114,[1]Hoja2!D$2:E$191,2,0) -> 105004 | K114: =VLOOKUP(H114,[1]Hoja2!D$2:F$191,3,0) -> 2.9589721e+08 | L114: =IFERROR(VLOOKUP(H114,[2]Sheet1!K$2:L$94,2,0),"") | M114: =IFERROR(VLOOKUP(H114,[2]Sheet1!K$372:L$648,2,0),"") | N114: =D114/I114*100 -> 2.770488e+09 | O114: =N114/J114 -> 26384.595 | P114: =K114/J114 -> 2817.9613
A115: México | B115: 2018 | C115: Telecomunicaciones | D115: 1.6992678e+10 | E115: 7.8456341e+09 | F115: 2.4838312e+10 | G115: 68.413176 | H115: =_xlfn.CONCAT(A115,B115,C115) -> México2018Telecomunicaciones | I115: 100 | J115: =VLOOKUP(H115,[1]Hoja2!D$2:E$191,2,0) -> 209511 | K115: =VLOOKUP(H115,[1]Hoja2!D$2:F$191,3,0) -> 2.4177513e+09 | L115: =IFERROR(VLOOKUP(H115,[2]Sheet1!K$2:L$94,2,0),"") | M115: =IFERROR(VLOOKUP(H115,[2]Sheet1!K$372:L$648,2,0),"") | N115: =D115/I115*100 -> 1.6992678e+10 | O115: =N115/J115 -> 81106.377 | P115: =K115/J115 -> 11539.973
A116: México | B116: 2018 | C116: Actividades inmobiliarias | D116: 1.7508344e+09 | E116: 5.9521568e+08 | F116: 2.3460501e+09 | G116: 74.629029 | H116: =_xlfn.CONCAT(A116,B116,C116) -> México2018Actividades inmobiliarias | I116: 100 | J116: =VLOOKUP(H116,[1]Hoja2!D$2:E$191,2,0) -> 32700 | K116: =VLOOKUP(H116,[1]Hoja2!D$2:F$191,3,0) -> 4900.1416 | L116: =IFERROR(VLOOKUP(H116,[2]Sheet1!K$2:L$94,2,0),"") | M116: =IFERROR(VLOOKUP(H116,[2]Sheet1!K$372:L$648,2,0),"") | N116: =D116/I116*100 -> 1.7508344e+09 | O116: =N116/J116 -> 53542.336 | P116: =K116/J116 -> 0.14985143
A117: México | B117: 2019 | C117: Elaboración de productos alimenticios | D117: 2.3591531e+10 | E117: 4.4142154e+10 | F117: 6.7733684e+10 | G117: 34.829835 | H117: =_xlfn.CONCAT(A117,B117,C117) -> México2019Elaboración de productos alimenticios | I117: 100 | J117: =VLOOKUP(H117,[1]Hoja2!D$2:E$191,2,0) -> 1532903 | K117: =VLOOKUP(H117,[1]Hoja2!D$2:F$191,3,0) -> 3.7240235e+09 | L117: =IFERROR(VLOOKUP(H117,[2]Sheet1!K$2:L$94,2,0),"") | M117: =IFERROR(VLOOKUP(H117,[2]Sheet1!K$372:L$648,2,0),"") | N117: =D117/I117*100 -> 2.3591531e+10 | O117: =N117/J117 -> 15390.1 | P117: =K117/J117 -> 2429.3928
A118: México | B118: 2019 | C118: Fabricación de prendas de vestir | D118: 1.7396315e+09 | E118: 2.5134911e+09 | F118: 4.2531225e+09 | G118: 40.902454 | H118: =_xlfn.CONCAT(A118,B118,C118) -> México2019Fabricación de prendas de vestir | I118: 100 | J118: =VLOOKUP(H118,[1]Hoja2!D$2:E$191,2,0) -> 281777 | K118: =VLOOKUP(H118,[1]Hoja2!D$2:F$191,3,0) -> 7.4327588e+08 | L118: =IFERROR(VLOOKUP(H118,[2]Sheet1!K$2:L$94,2,0),"") | M118: =IFERROR(VLOOKUP(H118,[2]Sheet1!K$372:L$648,2,0),"") | N118: =D118/I118*100 -> 1.7396315e+09 | O118: =N118/J118 -> 6173.7881 | P118: =K118/J118 -> 2637.816
A119: México | B119: 2019 | C119: Fabricación de productos de cuero y productos conexos | D119: 9.8111004e+08 | E119: 1.8033909e+09 | F119: 2.784501e+09 | G119: 35.234681 | H119: =_xlfn.CONCAT(A119,B119,C119) -> México2019Fabricación de productos de cuero y productos conexos | I119: 100 | J119: =VLOOKUP(H119,[1]Hoja2!D$2:E$191,2,0) -> 135631 | K119: =VLOOKUP(H119,[1]Hoja2!D$2:F$191,3,0) -> 4.1111985e+08 | L119: =IFERROR(VLOOKUP(H119,[2]Sheet1!K$2:L$94,2,0),"") | M119: =IFERROR(VLOOKUP(H119,[2]Sheet1!K$372:L$648,2,0),"") | N119: =D119/I119*100 -> 9.8111004e+08 | O119: =N119/J119 -> 7233.671 | P119: =K119/J119 -> 3031.1643
A120: México | B120: 2019 | C120: Fabricación de vehículos automotores, remolques y semirremolques | D120: 1.9536462e+10 | E120: 6.707202e+10 | F120: 8.6608482e+10 | G120: 22.557215 | H120: =_xlfn.CONCAT(A120,B120,C120) -> México2019Fabricación de vehículos automotores, remolques y semirremolques | I120: 100 | J120: =VLOOKUP(H120,[1]Hoja2!D$2:E$191,2,0) -> 211913 | K120: =VLOOKUP(H120,[1]Hoja2!D$2:F$191,3,0) -> 1.8775837e+09 | L120: =IFERROR(VLOOKUP(H120,[2]Sheet1!K$2:L$94,2,0),"") | M120: =IFERROR(VLOOKUP(H120,[2]Sheet1!K$372:L$648,2,0),"") | N120: =D120/I120*100 -> 1.9536462e+10 | O120: =N120/J120 -> 92190.954 | P120: =K120/J120 -> 8860.1627
A121: México | B121: 2019 | C121: Comercio al por mayor y al por menor y reparación de vehículos de motor y motocicletas | D121: 1.0055852e+10 | E121: 4.5196306e+10 | F121: 5.4997332e+10 | G121: =D121/F121*100 -> 18.284254 | I121: 102.6 | J121: 433832 | K121: 1.4802793e+09 | L121: =IFERROR(VLOOKUP(H121,[2]Sheet1!K$2:L$94,2,0),"") | M121: =IFERROR(VLOOKUP(H121,[2]Sheet1!K$372:L$648,2,0),"") | N121: =D121/I121*100 -> 9.8010252e+09 | O121: =N121/J121 -> 22591.753 | P121: =K121/J121 -> 3412.1026
A122: México | B122: 2019 | C122: Comercio al por mayor, excepto de vehículos de motor y motocicletas | D122: 5.9380473e+10 | E122: 2.457738e+11 | F122: 3.036495e+11 | G122: =D122/F122*100 -> 19.555597 | I122: 102.6 | J122: 1575997 | K122: 9.5918375e+09 | L122: =IFERROR(VLOOKUP(H122,[2]Sheet1!K$2:L$94,2,0),"") | M122: =IFERROR(VLOOKUP(H122,[2]Sheet1!K$372:L$648,2,0),"") | N122: =D122/I122*100 -> 5.7875704e+10 | O122: =N122/J122 -> 36723.233 | P122: =K122/J122 -> 6086.2029
A123: México | B123: 2019 | C123: Comercio al por menor, excepto de vehículos de motor y motocicletas | D123: 5.1335258e+10 | E123: 2.2630822e+11 | F123: 2.7629387e+11 | G123: =D123/F123*100 -> 18.579948 | I123: 102.7 | J123: 5727894 | K123: 1.0049285e+10 | L123: =IFERROR(VLOOKUP(H123,[2]Sheet1!K$2:L$94,2,0),"") | M123: =IFERROR(VLOOKUP(H123,[2]Sheet1!K$372:L$648,2,0),"") | N123: =D123/I123*100 -> 4.9985645e+10 | O123: =N123/J123 -> 8726.7057 | P123: =K123/J123 -> 1754.4467
A124: México | B124: 2019 | C124: Actividades de edición | D124: 9.3400511e+08 | E124: 5.5503273e+08 | F124: 1.4890378e+09 | G124: 62.725411 | H124: =_xlfn.CONCAT(A124,B124,C124) -> México2019Actividades de edición | I124: 100 | J124: =VLOOKUP(H124,[1]Hoja2!D$2:E$191,2,0) -> 64573 | K124: =VLOOKUP(H124,[1]Hoja2!D$2:F$191,3,0) -> 3.1781839e+08 | L124: =IFERROR(VLOOKUP(H124,[2]Sheet1!K$2:L$94,2,0),"") | M124: =IFERROR(VLOOKUP(H124,[2]Sheet1!K$372:L$648,2,0),"") | N124: =D124/I124*100 -> 9.3400511e+08 | O124: =N124/J124 -> 14464.329 | P124: =K124/J124 -> 4921.8465
A125: México | B125: 2019 | C125: Actividades de programación y radiodifusión | D125: 4.2559318e+08 | E125: 1.0868618e+09 | F125: 1.512455e+09 | G125: 28.13923 | H125: =_xlfn.CONCAT(A125,B125,C125) -> México2019Actividades de programación y radiodifusión | I125: 100 | J125: =VLOOKUP(H125,[1]Hoja2!D$2:E$191,2,0) -> 19424 | K125: =VLOOKUP(H125,[1]Hoja2!D$2:F$191,3,0) -> 67219043 | L125: =IFERROR(VLOOKUP(H125,[2]Sheet1!K$2:L$94,2,0),"") | M125: =IFERROR(VLOOKUP(H125,[2]Sheet1!K$372:L$648,2,0),"") | N125: =D125/I125*100 -> 4.2559318e+08 | O125: =N125/J125 -> 21910.687 | P125: =K125/J125 -> 3460.618
A126: México | B126: 2019 | C126: Actividades de servicios de información | D126: 4.9597108e+08 | E126: 1.8387829e+08 | F126: 6.7984937e+08 | G126: 72.953083 | H126: =_xlfn.CONCAT(A126,B126,C126) -> México2019Actividades de servicios de información | I126: 101.4548 | J126: =VLOOKUP(H126,[1]Hoja2!D$2:E$191,2,0) -> 33598 | K126: =VLOOKUP(H126,[1]Hoja2!D$2:F$191,3,0) -> 1.7282145e+08 | L126: =IFERROR(VLOOKUP(H126,[2]Sheet1!K$2:L$94,2,0),"") | M126: =IFERROR(VLOOKUP(H126,[2]Sheet1!K$372:L$648,2,0),"") | N126: =D126/I126*100 -> 4.8885917e+08 | O126: =N126/J126 -> 14550.246 | P126: =K126/J126 -> 5143.8016
A127: México | B127: 2019 | C127: Producción de películas, videos y programas de televisión, grabación de sonido y edición musical | D127: 2.4582805e+09 | E127: 2.2381588e+09 | F127: 4.6964394e+09 | G127: 52.343496 | H127: =_xlfn.CONCAT(A127,B127,C127) -> México2019Producción de películas, videos y programas de televisión, grabación de sonido y edición musical | I127: 102.3 | J127: =VLOOKUP(H127,[1]Hoja2!D$2:E$191,2,0) -> 105899 | K127: =VLOOKUP(H127,[1]Hoja2!D$2:F$191,3,0) -> 3.2851461e+08 | L127: =IFERROR(VLOOKUP(H127,[2]Sheet1!K$2:L$94,2,0),"") | M127: =IFERROR(VLOOKUP(H127,[2]Sheet1!K$372:L$648,2,0),"") | N127: =D127/I127*100 -> 2.4030113e+09 | O127: =N127/J127 -> 22691.539 | P127: =K127/J127 -> 3102.1503
A128: México | B128: 2019 | C128: Telecomunicaciones | D128: 1.7919996e+10 | E128: 8.7964973e+09 | F128: 2.6716493e+10 | G128: 67.074656 | H128: =_xlfn.CONCAT(A128,B128,C128) -> México2019Telecomunicaciones | I128: 105.3 | J128: =VLOOKUP(H128,[1]Hoja2!D$2:E$191,2,0) -> 190058 | K128: =VLOOKUP(H128,[1]Hoja2!D$2:F$191,3,0) -> 2.528579e+09 | L128: =IFERROR(VLOOKUP(H128,[2]Sheet1!K$2:L$94,2,0),"") | M128: =IFERROR(VLOOKUP(H128,[2]Sheet1!K$372:L$648,2,0),"") | N128: =D128/I128*100 -> 1.701804e+10 | O128: =N128/J128 -> 89541.297 | P128: =K128/J128 -> 13304.249
A129: México | B129: 2019 | C129: Actividades inmobiliarias | D129: 1.8468691e+09 | E129: 4.4137774e+08 | F129: 2.2882468e+09 | G129: 80.711096 | H129: =_xlfn.CONCAT(A129,B129,C129) -> México2019Actividades inmobiliarias | I129: 102.3 | J129: =VLOOKUP(H129,[1]Hoja2!D$2:E$191,2,0) -> 31016 | K129: =VLOOKUP(H129,[1]Hoja2!D$2:F$191,3,0) -> 5616.8013 | L129: =IFERROR(VLOOKUP(H129,[2]Sheet1!K$2:L$94,2,0),"") | M129: =IFERROR(VLOOKUP(H129,[2]Sheet1!K$372:L$648,2,0),"") | N129: =D129/I129*100 -> 1.8053461e+09 | O129: =N129/J129 -> 58206.93 | P129: =K129/J129 -> 0.18109367
A130: México | B130: 2020 | C130: Elaboración de productos alimenticios | D130: 2.1992921e+10 | E130: 4.1837093e+10 | F130: 6.3830014e+10 | G130: 34.455454 | H130: =_xlfn.CONCAT(A130,B130,C130) -> México2020Elaboración de productos alimenticios | I130: 102.2 | J130: =VLOOKUP(H130,[1]Hoja2!D$2:E$191,2,0) -> 1544683 | K130: =VLOOKUP(H130,[1]Hoja2!D$2:F$191,3,0) -> 3.4966975e+09 | L130: =IFERROR(VLOOKUP(H130,[2]Sheet1!K$2:L$94,2,0),"") | M130: =IFERROR(VLOOKUP(H130,[2]Sheet1!K$372:L$648,2,0),"") | N130: =D130/I130*100 -> 2.1519492e+10 | O130: =N130/J130 -> 13931.332 | P130: =K130/J130 -> 2263.6991
A131: México | B131: 2020 | C131: Fabricación de prendas de vestir | D131: 1.1808949e+09 | E131: 1.5537163e+09 | F131: 2.7346112e+09 | G131: 43.183283 | H131: =_xlfn.CONCAT(A131,B131,C131) -> México2020Fabricación de prendas de vestir | I131: 102.7 | J131: =VLOOKUP(H131,[1]Hoja2!D$2:E$191,2,0) -> 245100 | K131: =VLOOKUP(H131,[1]Hoja2!D$2:F$191,3,0) -> 5.8445034e+08 | L131: =IFERROR(VLOOKUP(H131,[2]Sheet1!K$2:L$94,2,0),"") | M131: =IFERROR(VLOOKUP(H131,[2]Sheet1!K$372:L$648,2,0),"") | N131: =D131/I131*100 -> 1.149849e+09 | O131: =N131/J131 -> 4691.3462 | P131: =K131/J131 -> 2384.5383
A132: México | B132: 2020 | C132: Fabricación de productos de cuero y productos conexos | D132: 6.9501611e+08 | E132: 1.2361559e+09 | F132: 1.931172e+09 | G132: 35.989342 | H132: =_xlfn.CONCAT(A132,B132,C132) -> México2020Fabricación de productos de cuero y productos conexos | I132: 102.6119 | J132: =VLOOKUP(H132,[1]Hoja2!D$2:E$191,2,0) -> 117713 | K132: =VLOOKUP(H132,[1]Hoja2!D$2:F$191,3,0) -> 3.2558952e+08 | L132: =IFERROR(VLOOKUP(H132,[2]Sheet1!K$2:L$94,2,0),"") | M132: =IFERROR(VLOOKUP(H132,[2]Sheet1!K$372:L$648,2,0),"") | N132: =D132/I132*100 -> 6.7732503e+08 | O132: =N132/J132 -> 5754.0376 | P132: =K132/J132 -> 2765.9606
A133: México | B133: 2020 | C133: Fabricación de vehículos automotores, remolques y semirremolques | D133: 1.6563504e+10 | E133: 5.5400259e+10 | F133: 7.1963763e+10 | G133: 23.01645 | H133: =_xlfn.CONCAT(A133,B133,C133) -> México2020Fabricación de vehículos automotores, remolques y semirremolques | I133: 102.69817 | J133: =VLOOKUP(H133,[1]Hoja2!D$2:E$191,2,0) -> 199331 | K133: =VLOOKUP(H133,[1]Hoja2!D$2:F$191,3,0) -> 1.6611055e+09 | L133: =IFERROR(VLOOKUP(H133,[2]Sheet1!K$2:L$94,2,0),"") | M133: =IFERROR(VLOOKUP(H133,[2]Sheet1!K$372:L$648,2,0),"") | N133: =D133/I133*100 -> 1.6128333e+10 | O133: =N133/J133 -> 80912.319 | P133: =K133/J133 -> 8333.4027
A134: México | B134: 2020 | C134: Comercio al por mayor y al por menor y reparación de vehículos de motor y motocicletas | D134: 9.2689449e+09 | E134: 3.3317695e+10 | F134: 4.1915974e+10 | G134: =D134/F134*100 -> 22.113157 | I134: 107.8 | J134: 420781 | K134: 1.243981e+09 | L134: =IFERROR(VLOOKUP(H134,[2]Sheet1!K$2:L$94,2,0),"") | M134: =IFERROR(VLOOKUP(H134,[2]Sheet1!K$372:L$648,2,0),"") | N134: =D134/I134*100 -> 8.5982791e+09 | O134: =N134/J134 -> 20434.095 | P134: =K134/J134 -> 2956.3621
A135: México | B135: 2020 | C135: Comercio al por mayor, excepto de vehículos de motor y motocicletas | D135: 5.1347071e+10 | E135: 1.8348285e+11 | F135: 2.3111464e+11 | G135: =D135/F135*100 -> 22.217143 | I135: 107.8 | J135: 1570105 | K135: 8.372796e+09 | L135: =IFERROR(VLOOKUP(H135,[2]Sheet1!K$2:L$94,2,0),"") | M135: =IFERROR(VLOOKUP(H135,[2]Sheet1!K$372:L$648,2,0),"") | N135: =D135/I135*100 -> 4.7631791e+10 | O135: =N135/J135 -> 30336.691 | P135: =K135/J135 -> 5332.6345
A136: México | B136: 2020 | C136: Comercio al por menor, excepto de vehículos de motor y motocicletas | D136: 4.5272453e+10 | E136: 1.8013006e+11 | F136: 2.2201022e+11 | G136: =D136/F136*100 -> 20.392058 | I136: 108.1 | J136: 5555183 | K136: 9.0811916e+09 | L136: =IFERROR(VLOOKUP(H136,[2]Sheet1!K$2:L$94,2,0),"") | M136: =IFERROR(VLOOKUP(H136,[2]Sheet1!K$372:L$648,2,0),"") | N136: =D136/I136*100 -> 4.188016e+10 | O136: =N136/J136 -> 7538.9344 | P136: =K136/J136 -> 1634.7241
A137: México | B137: 2020 | C137: Actividades de edición | D137: 5.7276642e+08 | E137: 3.6019585e+08 | F137: 9.3296227e+08 | G137: 61.392238 | H137: =_xlfn.CONCAT(A137,B137,C137) -> México2020Actividades de edición | I137: 105.28911 | J137: =VLOOKUP(H137,[1]Hoja2!D$2:E$191,2,0) -> 52341 | K137: =VLOOKUP(H137,[1]Hoja2!D$2:F$191,3,0) -> 2.6741724e+08 | L137: =IFERROR(VLOOKUP(H137,[2]Sheet1!K$2:L$94,2,0),"") | M137: =IFERROR(VLOOKUP(H137,[2]Sheet1!K$372:L$648,2,0),"") | N137: =D137/I137*100 -> 5.43994e+08 | O137: =N137/J137 -> 10393.267 | P137: =K137/J137 -> 5109.135
A138: México | B138: 2020 | C138: Actividades de programación y radiodifusión | D138: 4.397593e+08 | E138: 9.4634677e+08 | F138: 1.3861061e+09 | G138: 31.726237 | H138: =_xlfn.CONCAT(A138,B138,C138) -> México2020Actividades de programación y radiodifusión | I138: 98.138544 | J138: =VLOOKUP(H138,[1]Hoja2!D$2:E$191,2,0) -> 17655 | K138: =VLOOKUP(H138,[1]Hoja2!D$2:F$191,3,0) -> 47328099 | L138: =IFERROR(VLOOKUP(H138,[2]Sheet1!K$2:L$94,2,0),"") | M138: =IFERROR(VLOOKUP(H138,[2]Sheet1!K$372:L$648,2,0),"") | N138: =D138/I138*100 -> 4.4810049e+08 | O138: =N138/J138 -> 25380.94 | P138: =K138/J138 -> 2680.7193
A139: México | B139: 2020 | C139: Actividades de servicios de información | D139: 4.3613734e+08 | E139: 1.5334963e+08 | F139: 5.8948696e+08 | G139: 73.985917 | H139: =_xlfn.CONCAT(A139,B139,C139) -> México2020Actividades de servicios de información | I139: 101.0696 | J139: =VLOOKUP(H139,[1]Hoja2!D$2:E$191,2,0) -> 32338 | K139: =VLOOKUP(H139,[1]Hoja2!D$2:F$191,3,0) -> 1.7788963e+08 | L139: =IFERROR(VLOOKUP(H139,[2]Sheet1!K$2:L$94,2,0),"") | M139: =IFERROR(VLOOKUP(H139,[2]Sheet1!K$372:L$648,2,0),"") | N139: =D139/I139*100 -> 4.3152178e+08 | O139: =N139/J139 -> 13344.108 | P139: =K139/J139 -> 5500.9473
A140: México | B140: 2020 | C140: Producción de películas, videos y programas de televisión, grabación de sonido y edición musical | D140: 1.8665824e+09 | E140: 1.2761068e+09 | F140: 3.1426892e+09 | G140: 59.394432 | H140: =_xlfn.CONCAT(A140,B140,C140) -> México2020Producción de películas, videos y programas de televisión, grabación de sonido y edición musical | I140: 107.1 | J140: =VLOOKUP(H140,[1]Hoja2!D$2:E$191,2,0) -> 79920 | K140: =VLOOKUP(H140,[1]Hoja2!D$2:F$191,3,0) -> 2.5593071e+08 | L140: =IFERROR(VLOOKUP(H140,[2]Sheet1!K$2:L$94,2,0),"") | M140: =IFERROR(VLOOKUP(H140,[2]Sheet1!K$372:L$648,2,0),"") | N140: =D140/I140*100 -> 1.7428407e+09 | O140: =N140/J140 -> 21807.317 | P140: =K140/J140 -> 3202.3362
A141: México | B141: 2020 | C141: Telecomunicaciones | D141: 1.520268e+10 | E141: 8.5341677e+09 | F141: 2.3736848e+10 | G141: 64.046752 | H141: =_xlfn.CONCAT(A141,B141,C141) -> México2020Telecomunicaciones | I141: 110.2 | J141: =VLOOKUP(H141,[1]Hoja2!D$2:E$191,2,0) -> 185533 | K141: =VLOOKUP(H141,[1]Hoja2!D$2:F$191,3,0) -> 2.1470805e+09 | L141: =IFERROR(VLOOKUP(H141,[2]Sheet1!K$2:L$94,2,0),"") | M141: =IFERROR(VLOOKUP(H141,[2]Sheet1!K$372:L$648,2,0),"") | N141: =D141/I141*100 -> 1.3795535e+10 | O141: =N141/J141 -> 74356.235 | P141: =K141/J141 -> 11572.499
A142: México | B142: 2020 | C142: Actividades inmobiliarias | D142: 1.5985082e+09 | E142: 3.5096637e+08 | F142: 1.9494746e+09 | G142: 81.996874 | H142: =_xlfn.CONCAT(A142,B142,C142) -> México2020Actividades inmobiliarias | I142: 105.1 | J142: =VLOOKUP(H142,[1]Hoja2!D$2:E$191,2,0) -> 30241 | K142: =VLOOKUP(H142,[1]Hoja2!D$2:F$191,3,0) -> 5259.3344 | L142: =IFERROR(VLOOKUP(H142,[2]Sheet1!K$2:L$94,2,0),"") | M142: =IFERROR(VLOOKUP(H142,[2]Sheet1!K$372:L$648,2,0),"") | N142: =D142/I142*100 -> 1.5209403e+09 | O142: =N142/J142 -> 50293.981 | P142: =K142/J142 -> 0.17391404
A143: México | B143: 2021 | C143: Elaboración de productos alimenticios | D143: 2.5823609e+10 | E143: 4.7261721e+10 | F143: 7.3085331e+10 | G143: 35.333505 | H143: =_xlfn.CONCAT(A143,B143,C143) -> México2021Elaboración de productos alimenticios | I143: 111.5 | J143: =VLOOKUP(H143,[1]Hoja2!D$2:E$191,2,0) -> 1629483 | K143: =VLOOKUP(H143,[1]Hoja2!D$2:F$191,3,0) -> 4.5544964e+09 | L143: =IFERROR(VLOOKUP(H143,[2]Sheet1!K$2:L$94,2,0),"") | M143: =IFERROR(VLOOKUP(H143,[2]Sheet1!K$372:L$648,2,0),"") | N143: =D143/I143*100 -> 2.3160188e+10 | O143: =N143/J143 -> 14213.212 | P143: =K143/J143 -> 2795.0561
A144: México | B144: 2021 | C144: Fabricación de prendas de vestir | D144: 1.5643815e+09 | E144: 1.9813956e+09 | F144: 3.5457771e+09 | G144: 44.119568 | H144: =_xlfn.CONCAT(A144,B144,C144) -> México2021Fabricación de prendas de vestir | I144: 107.9 | J144: =VLOOKUP(H144,[1]Hoja2!D$2:E$191,2,0) -> 238755 | K144: =VLOOKUP(H144,[1]Hoja2!D$2:F$191,3,0) -> 6.8714429e+08 | L144: =IFERROR(VLOOKUP(H144,[2]Sheet1!K$2:L$94,2,0),"") | M144: =IFERROR(VLOOKUP(H144,[2]Sheet1!K$372:L$648,2,0),"") | N144: =D144/I144*100 -> 1.4498439e+09 | O144: =N144/J144 -> 6072.5173 | P144: =K144/J144 -> 2878.031
A145: México | B145: 2021 | C145: Fabricación de productos de cuero y productos conexos | D145: 8.8223596e+08 | E145: 1.435189e+09 | F145: 2.317425e+09 | G145: 38.069667 | H145: =_xlfn.CONCAT(A145,B145,C145) -> México2021Fabricación de productos de cuero y productos conexos | I145: 107.7515 | J145: =VLOOKUP(H145,[1]Hoja2!D$2:E$191,2,0) -> 117383 | K145: =VLOOKUP(H145,[1]Hoja2!D$2:F$191,3,0) -> 3.9817621e+08 | L145: =IFERROR(VLOOKUP(H145,[2]Sheet1!K$2:L$94,2,0),"") | M145: =IFERROR(VLOOKUP(H145,[2]Sheet1!K$372:L$648,2,0),"") | N145: =D145/I145*100 -> 8.1876904e+08 | O145: =N145/J145 -> 6975.1927 | P145: =K145/J145 -> 3392.1114
A146: México | B146: 2021 | C146: Fabricación de vehículos automotores, remolques y semirremolques | D146: 1.8311106e+10 | E146: 5.9943167e+10 | F146: 7.8254273e+10 | G146: 23.399497 | H146: =_xlfn.CONCAT(A146,B146,C146) -> México2021Fabricación de vehículos automotores, remolques y semirremolques | I146: 108.06671 | J146: =VLOOKUP(H146,[1]Hoja2!D$2:E$191,2,0) -> 213522 | K146: =VLOOKUP(H146,[1]Hoja2!D$2:F$191,3,0) -> 1.9362395e+09 | L146: =IFERROR(VLOOKUP(H146,[2]Sheet1!K$2:L$94,2,0),"") | M146: =IFERROR(VLOOKUP(H146,[2]Sheet1!K$372:L$648,2,0),"") | N146: =D146/I146*100 -> 1.6944262e+10 | O146: =N146/J146 -> 79356.046 | P146: =K146/J146 -> 9068.1031
A147: México | B147: 2021 | C147: Comercio al por mayor y al por menor y reparación de vehículos de motor y motocicletas | D147: 1.6762936e+10 | E147: 4.5695512e+10 | F147: 6.0451617e+10 | G147: =D147/F147*100 -> 27.729507 | I147: 113.6 | J147: 414144 | K147: 1.8693041e+09 | L147: =IFERROR(VLOOKUP(H147,[2]Sheet1!K$2:L$94,2,0),"") | M147: =IFERROR(VLOOKUP(H147,[2]Sheet1!K$372:L$648,2,0),"") | N147: =D147/I147*100 -> 1.4756105e+10 | O147: =N147/J147 -> 35630.373 | P147: =K147/J147 -> 4513.6572
...

Sheet CuadroDivisi
A2: División | B2: País | C2: ΔVA/Emp(%) | D2: Δ REM/EMP(%) | E2: Brecha (p.p)
A3: Elaboración de alimentos | B3: Chile | C3: -4.81 | D3: 1.188 | E3: =D3-C3 -> 5.998
B4: México | C4: 3.3754834 | D4: 11.213344 | E4: =D4-C4 -> 7.8378606
A5: Comercio mayorista, excepto automotor y bicicletas | B5: Chile | C5: -1.61 | D5: -1.72 | E5: =D5-C5 -> -0.11
B6: México | C6: 3.5837278 | D6: 11.178841 | E6: =D6-C6 -> 7.5951134
A7: Producción de películas, videos y programas de televisión, grabación de sonido y edición musical | B7: Chile | C7: -8.69 | D7: -4.99 | E7: =D7-C7 -> 3.7
B8: México | C8: -8.3445601 | D8: 3.1495 | E8: =D8-C8 -> 11.49406
